,date,precipitation,temp_max,temp_min,wind,weather,drizzle,fog,rain,snow,sun
0,2012-01-01,0.0,12.8,5.0,4.7,drizzle,1,0,0,0,0
1,2012-01-02,10.9,10.6,2.8,4.5,rain,0,0,1,0,0
2,2012-01-03,0.8,11.7,7.2,2.3,rain,0,0,1,0,0
3,2012-01-04,20.3,12.2,5.6,4.7,rain,0,0,1,0,0
4,2012-01-05,1.3,8.9,2.8,6.1,rain,0,0,1,0,0
5,2012-01-06,2.5,4.4,2.2,2.2,rain,0,0,1,0,0
6,2012-01-07,0.0,7.2,2.8,2.3,rain,0,0,1,0,0
7,2012-01-08,0.0,10.0,2.8,2.0,sun,0,0,0,0,1
8,2012-01-09,4.3,9.4,5.0,3.4,rain,0,0,1,0,0
9,2012-01-10,1.0,6.1,0.6,3.4,rain,0,0,1,0,0
10,2012-01-11,0.0,6.1,-1.1,5.1,sun,0,0,0,0,1
11,2012-01-12,0.0,6.1,-1.7,1.9,sun,0,0,0,0,1
12,2012-01-13,0.0,5.0,-2.8,1.3,sun,0,0,0,0,1
13,2012-01-14,4.1,4.4,0.6,5.3,snow,0,0,0,1,0
14,2012-01-15,5.3,1.1,-3.3,3.2,snow,0,0,0,1,0
15,2012-01-16,2.5,1.7,-2.8,5.0,snow,0,0,0,1,0
16,2012-01-17,8.1,3.3,0.0,5.6,snow,0,0,0,1,0
17,2012-01-18,19.8,0.0,-2.8,5.0,snow,0,0,0,1,0
18,2012-01-19,15.2,-1.1,-2.8,1.6,snow,0,0,0,1,0
19,2012-01-20,13.5,7.2,-1.1,2.3,snow,0,0,0,1,0
20,2012-01-21,3.0,8.3,3.3,8.2,rain,0,0,1,0,0
21,2012-01-22,6.1,6.7,2.2,4.8,rain,0,0,1,0,0
22,2012-01-23,0.0,8.3,1.1,3.6,rain,0,0,1,0,0
23,2012-01-24,8.6,10.0,2.2,5.1,rain,0,0,1,0,0
24,2012-01-25,8.1,8.9,4.4,5.4,rain,0,0,1,0,0
25,2012-01-26,4.8,8.9,1.1,4.8,rain,0,0,1,0,0
26,2012-01-27,0.0,6.7,-2.2,1.4,drizzle,1,0,0,0,0
27,2012-01-28,0.0,6.7,0.6,2.2,rain,0,0,1,0,0
28,2012-01-29,27.7,9.4,3.9,4.5,rain,0,0,1,0,0
29,2012-01-30,3.6,8.3,6.1,5.1,rain,0,0,1,0,0
30,2012-01-31,1.8,9.4,6.1,3.9,rain,0,0,1,0,0
31,2012-02-01,13.5,8.9,3.3,2.7,rain,0,0,1,0,0
32,2012-02-02,0.0,8.3,1.7,2.6,sun,0,0,0,0,1
33,2012-02-03,0.0,14.4,2.2,5.3,sun,0,0,0,0,1
34,2012-02-04,0.0,15.6,5.0,4.3,sun,0,0,0,0,1
35,2012-02-05,0.0,13.9,1.7,2.9,sun,0,0,0,0,1
36,2012-02-06,0.0,16.1,1.7,5.0,sun,0,0,0,0,1
37,2012-02-07,0.3,15.6,7.8,5.3,rain,0,0,1,0,0
38,2012-02-08,2.8,10.0,5.0,2.7,rain,0,0,1,0,0
39,2012-02-09,2.5,11.1,7.8,2.4,rain,0,0,1,0,0
40,2012-02-10,2.5,12.8,6.7,3.0,rain,0,0,1,0,0
41,2012-02-11,0.8,8.9,5.6,3.4,rain,0,0,1,0,0
42,2012-02-12,1.0,8.3,5.0,1.3,rain,0,0,1,0,0
43,2012-02-13,11.4,7.2,4.4,1.4,rain,0,0,1,0,0
44,2012-02-14,2.5,6.7,1.1,3.1,rain,0,0,1,0,0
45,2012-02-15,0.0,7.2,0.6,1.8,drizzle,1,0,0,0,0
46,2012-02-16,1.8,7.2,3.3,2.1,rain,0,0,1,0,0
47,2012-02-17,17.3,10.0,4.4,3.4,rain,0,0,1,0,0
48,2012-02-18,6.4,6.7,3.9,8.1,rain,0,0,1,0,0
49,2012-02-19,0.0,6.7,2.2,4.7,sun,0,0,0,0,1
50,2012-02-20,3.0,7.8,1.7,2.9,rain,0,0,1,0,0
51,2012-02-21,0.8,10.0,7.8,7.5,rain,0,0,1,0,0
52,2012-02-22,8.6,10.0,2.8,5.9,rain,0,0,1,0,0
53,2012-02-23,0.0,8.3,2.8,3.9,sun,0,0,0,0,1
54,2012-02-24,11.4,6.7,4.4,3.5,rain,0,0,1,0,0
55,2012-02-25,0.0,7.2,2.8,6.4,rain,0,0,1,0,0
56,2012-02-26,1.3,5.0,-1.1,3.4,snow,0,0,0,1,0
57,2012-02-27,0.0,6.7,-2.2,3.0,sun,0,0,0,0,1
58,2012-02-28,3.6,6.7,-0.6,4.2,snow,0,0,0,1,0
59,2012-02-29,0.8,5.0,1.1,7.0,snow,0,0,0,1,0
60,2012-03-01,0.0,6.1,1.1,3.1,sun,0,0,0,0,1
61,2012-03-02,2.0,6.7,3.9,5.1,rain,0,0,1,0,0
62,2012-03-03,0.0,12.2,6.7,7.0,sun,0,0,0,0,1
63,2012-03-04,0.0,10.6,6.7,5.6,rain,0,0,1,0,0
64,2012-03-05,6.9,7.8,1.1,6.2,rain,0,0,1,0,0
65,2012-03-06,0.5,6.7,0.0,2.7,snow,0,0,0,1,0
66,2012-03-07,0.0,8.9,-1.7,2.7,sun,0,0,0,0,1
67,2012-03-08,0.0,15.6,0.6,2.5,sun,0,0,0,0,1
68,2012-03-09,3.6,9.4,5.0,2.8,rain,0,0,1,0,0
69,2012-03-10,10.4,7.2,6.1,3.4,rain,0,0,1,0,0
70,2012-03-11,13.7,6.7,2.8,5.8,rain,0,0,1,0,0
71,2012-03-12,19.3,8.3,0.6,6.2,snow,0,0,0,1,0
72,2012-03-13,9.4,5.6,0.6,5.3,snow,0,0,0,1,0
73,2012-03-14,8.6,7.8,1.1,4.7,rain,0,0,1,0,0
74,2012-03-15,23.9,11.1,5.6,5.8,snow,0,0,0,1,0
75,2012-03-16,8.4,8.9,3.9,5.1,rain,0,0,1,0,0
76,2012-03-17,9.4,10.0,0.6,3.8,snow,0,0,0,1,0
77,2012-03-18,3.6,5.0,-0.6,2.7,rain,0,0,1,0,0
78,2012-03-19,2.0,7.2,-1.1,3.0,rain,0,0,1,0,0
79,2012-03-20,3.6,7.8,2.2,6.4,rain,0,0,1,0,0
80,2012-03-21,1.3,8.9,1.1,2.5,rain,0,0,1,0,0
81,2012-03-22,4.1,10.0,1.7,2.1,rain,0,0,1,0,0
82,2012-03-23,0.0,12.2,0.6,2.8,sun,0,0,0,0,1
83,2012-03-24,0.0,15.0,3.3,5.2,sun,0,0,0,0,1
84,2012-03-25,0.0,13.3,2.2,2.7,rain,0,0,1,0,0
85,2012-03-26,0.0,12.8,6.1,4.3,drizzle,1,0,0,0,0
86,2012-03-27,4.8,14.4,6.7,3.8,rain,0,0,1,0,0
87,2012-03-28,1.3,10.6,7.2,5.9,rain,0,0,1,0,0
88,2012-03-29,27.4,10.0,6.1,4.4,rain,0,0,1,0,0
89,2012-03-30,5.6,9.4,5.0,4.7,rain,0,0,1,0,0
90,2012-03-31,13.2,10.0,2.8,3.4,rain,0,0,1,0,0
91,2012-04-01,1.5,8.9,4.4,6.8,rain,0,0,1,0,0
92,2012-04-02,0.0,16.7,4.4,3.1,sun,0,0,0,0,1
93,2012-04-03,1.5,11.7,3.3,3.1,rain,0,0,1,0,0
94,2012-04-04,0.0,10.6,2.8,2.1,sun,0,0,0,0,1
95,2012-04-05,4.6,9.4,2.8,1.8,snow,0,0,0,1,0
96,2012-04-06,0.3,11.1,3.3,2.6,rain,0,0,1,0,0
97,2012-04-07,0.0,16.1,1.7,4.3,sun,0,0,0,0,1
98,2012-04-08,0.0,21.1,7.2,4.1,sun,0,0,0,0,1
99,2012-04-09,0.0,20.0,6.1,2.1,sun,0,0,0,0,1
100,2012-04-10,0.0,17.8,8.9,3.2,rain,0,0,1,0,0
101,2012-04-11,2.3,11.1,7.2,2.6,rain,0,0,1,0,0
102,2012-04-12,0.5,13.9,5.6,2.6,rain,0,0,1,0,0
103,2012-04-13,0.0,15.0,3.9,4.0,drizzle,1,0,0,0,0
104,2012-04-14,0.0,15.6,3.3,3.0,sun,0,0,0,0,1
105,2012-04-15,0.0,16.1,7.2,2.9,rain,0,0,1,0,0
106,2012-04-16,8.1,13.3,6.7,5.8,rain,0,0,1,0,0
107,2012-04-17,1.8,10.0,4.4,2.0,rain,0,0,1,0,0
108,2012-04-18,1.8,13.3,7.2,3.9,rain,0,0,1,0,0
109,2012-04-19,10.9,13.9,5.0,2.6,rain,0,0,1,0,0
110,2012-04-20,6.6,13.3,6.7,2.7,rain,0,0,1,0,0
111,2012-04-21,0.0,20.0,4.4,2.3,sun,0,0,0,0,1
112,2012-04-22,0.0,23.3,8.3,2.6,rain,0,0,1,0,0
113,2012-04-23,0.0,21.7,8.9,3.5,sun,0,0,0,0,1
114,2012-04-24,4.3,13.9,10.0,2.8,rain,0,0,1,0,0
115,2012-04-25,10.7,16.7,8.9,2.6,rain,0,0,1,0,0
116,2012-04-26,3.8,13.9,6.7,5.2,rain,0,0,1,0,0
117,2012-04-27,0.8,13.3,6.1,4.8,rain,0,0,1,0,0
118,2012-04-28,0.0,16.1,8.3,2.5,drizzle,1,0,0,0,0
119,2012-04-29,4.3,15.6,8.9,1.6,rain,0,0,1,0,0
120,2012-04-30,4.3,12.8,7.2,8.0,rain,0,0,1,0,0
121,2012-05-01,0.5,11.7,6.1,6.4,rain,0,0,1,0,0
122,2012-05-02,0.5,13.3,5.6,2.5,rain,0,0,1,0,0
123,2012-05-03,18.5,11.1,7.2,3.4,rain,0,0,1,0,0
124,2012-05-04,1.8,12.2,6.1,4.6,rain,0,0,1,0,0
125,2012-05-05,0.0,13.3,5.0,2.3,sun,0,0,0,0,1
126,2012-05-06,0.0,17.8,5.0,2.4,sun,0,0,0,0,1
127,2012-05-07,0.0,23.9,6.1,2.2,sun,0,0,0,0,1
128,2012-05-08,0.0,18.3,9.4,3.0,sun,0,0,0,0,1
129,2012-05-09,0.0,13.3,6.7,3.9,rain,0,0,1,0,0
130,2012-05-10,0.0,14.4,3.9,3.0,sun,0,0,0,0,1
131,2012-05-11,0.0,18.3,4.4,4.3,sun,0,0,0,0,1
132,2012-05-12,0.0,24.4,6.7,3.4,sun,0,0,0,0,1
133,2012-05-13,0.0,25.6,9.4,4.2,sun,0,0,0,0,1
134,2012-05-14,0.0,26.7,12.8,3.8,sun,0,0,0,0,1
135,2012-05-15,0.0,24.4,9.4,4.1,drizzle,1,0,0,0,0
136,2012-05-16,0.0,19.4,9.4,3.5,sun,0,0,0,0,1
137,2012-05-17,0.0,17.8,6.7,2.9,rain,0,0,1,0,0
138,2012-05-18,0.0,15.6,7.8,3.1,rain,0,0,1,0,0
139,2012-05-19,0.0,19.4,7.2,1.5,sun,0,0,0,0,1
140,2012-05-20,6.4,14.4,11.7,1.3,rain,0,0,1,0,0
141,2012-05-21,14.0,16.7,10.0,4.0,rain,0,0,1,0,0
142,2012-05-22,6.1,12.8,8.9,4.8,rain,0,0,1,0,0
143,2012-05-23,0.3,14.4,8.9,6.3,rain,0,0,1,0,0
144,2012-05-24,0.0,17.2,8.9,3.3,rain,0,0,1,0,0
145,2012-05-25,0.0,22.2,8.9,3.1,rain,0,0,1,0,0
146,2012-05-26,0.0,22.2,8.9,3.6,sun,0,0,0,0,1
147,2012-05-27,0.0,17.2,11.7,3.7,sun,0,0,0,0,1
148,2012-05-28,0.0,16.7,10.0,3.4,rain,0,0,1,0,0
149,2012-05-29,0.0,16.1,7.8,1.8,sun,0,0,0,0,1
150,2012-05-30,0.3,18.9,11.1,1.5,rain,0,0,1,0,0
151,2012-05-31,3.8,17.8,12.2,2.7,rain,0,0,1,0,0
152,2012-06-01,6.6,20.0,12.8,3.7,rain,0,0,1,0,0
153,2012-06-02,0.3,18.9,10.6,3.7,rain,0,0,1,0,0
154,2012-06-03,0.0,17.2,9.4,2.9,sun,0,0,0,0,1
155,2012-06-04,1.3,12.8,8.9,3.1,rain,0,0,1,0,0
156,2012-06-05,16.0,13.3,8.3,3.3,rain,0,0,1,0,0
157,2012-06-06,0.0,16.1,6.1,3.4,sun,0,0,0,0,1
158,2012-06-07,16.5,16.1,8.9,3.5,rain,0,0,1,0,0
159,2012-06-08,1.5,15.0,8.3,3.0,rain,0,0,1,0,0
160,2012-06-09,0.0,17.2,8.3,4.7,rain,0,0,1,0,0
161,2012-06-10,0.0,18.9,10.0,2.9,sun,0,0,0,0,1
162,2012-06-11,0.0,23.3,10.0,1.8,rain,0,0,1,0,0
163,2012-06-12,0.8,18.3,12.8,3.9,rain,0,0,1,0,0
164,2012-06-13,0.0,16.1,11.1,4.3,sun,0,0,0,0,1
165,2012-06-14,0.0,17.2,10.0,2.7,sun,0,0,0,0,1
166,2012-06-15,0.0,22.2,9.4,1.7,sun,0,0,0,0,1
167,2012-06-16,0.0,21.1,15.0,4.1,rain,0,0,1,0,0
168,2012-06-17,0.0,18.9,11.7,6.4,sun,0,0,0,0,1
169,2012-06-18,3.0,17.2,10.0,3.8,rain,0,0,1,0,0
170,2012-06-19,1.0,19.4,10.0,3.0,rain,0,0,1,0,0
171,2012-06-20,0.0,24.4,10.0,3.0,sun,0,0,0,0,1
172,2012-06-21,0.0,23.9,11.7,2.1,sun,0,0,0,0,1
173,2012-06-22,15.7,13.9,11.7,1.9,rain,0,0,1,0,0
174,2012-06-23,8.6,15.6,9.4,2.5,rain,0,0,1,0,0
175,2012-06-24,0.0,19.4,9.4,2.0,drizzle,1,0,0,0,0
176,2012-06-25,0.5,19.4,11.1,3.1,rain,0,0,1,0,0
177,2012-06-26,0.0,18.3,10.6,3.4,rain,0,0,1,0,0
178,2012-06-27,0.0,22.8,8.9,1.8,sun,0,0,0,0,1
179,2012-06-28,0.0,22.2,11.7,2.5,rain,0,0,1,0,0
180,2012-06-29,0.3,21.7,15.0,1.9,rain,0,0,1,0,0
181,2012-06-30,3.0,20.0,13.3,2.4,rain,0,0,1,0,0
182,2012-07-01,0.0,20.0,12.2,2.3,rain,0,0,1,0,0
183,2012-07-02,2.0,18.9,11.7,2.1,rain,0,0,1,0,0
184,2012-07-03,5.8,18.3,10.6,6.0,rain,0,0,1,0,0
185,2012-07-04,0.0,20.6,9.4,3.8,sun,0,0,0,0,1
186,2012-07-05,0.0,24.4,10.6,3.1,drizzle,1,0,0,0,0
187,2012-07-06,0.0,25.0,11.1,2.1,sun,0,0,0,0,1
188,2012-07-07,0.0,26.7,12.8,3.8,sun,0,0,0,0,1
189,2012-07-08,0.0,28.3,14.4,2.8,rain,0,0,1,0,0
190,2012-07-09,1.5,25.0,12.8,2.0,rain,0,0,1,0,0
191,2012-07-10,0.0,23.9,11.1,2.3,drizzle,1,0,0,0,0
192,2012-07-11,0.0,27.8,13.3,2.9,fog,0,1,0,0,0
193,2012-07-12,0.0,25.6,13.3,2.7,drizzle,1,0,0,0,0
194,2012-07-13,0.5,23.3,13.9,2.2,rain,0,0,1,0,0
195,2012-07-14,0.0,25.0,15.0,2.2,rain,0,0,1,0,0
196,2012-07-15,0.0,18.9,13.3,3.8,rain,0,0,1,0,0
197,2012-07-16,0.3,26.1,13.3,2.5,rain,0,0,1,0,0
198,2012-07-17,0.0,21.7,15.0,2.6,sun,0,0,0,0,1
199,2012-07-18,0.0,21.1,14.4,2.9,sun,0,0,0,0,1
200,2012-07-19,0.0,25.0,14.4,2.2,sun,0,0,0,0,1
201,2012-07-20,15.2,19.4,13.9,4.0,rain,0,0,1,0,0
202,2012-07-21,0.0,23.9,13.9,2.3,sun,0,0,0,0,1
203,2012-07-22,1.0,20.6,12.2,3.9,rain,0,0,1,0,0
204,2012-07-23,0.0,18.9,11.1,3.3,rain,0,0,1,0,0
205,2012-07-24,0.0,23.3,12.2,4.3,sun,0,0,0,0,1
206,2012-07-25,0.0,26.7,12.8,2.6,sun,0,0,0,0,1
207,2012-07-26,0.0,25.6,12.8,2.2,drizzle,1,0,0,0,0
208,2012-07-27,0.0,18.9,13.9,2.8,drizzle,1,0,0,0,0
209,2012-07-28,0.0,22.2,13.3,1.7,drizzle,1,0,0,0,0
210,2012-07-29,0.0,22.8,15.0,2.0,sun,0,0,0,0,1
211,2012-07-30,0.0,19.4,13.3,3.0,sun,0,0,0,0,1
212,2012-07-31,0.0,22.8,13.9,2.8,sun,0,0,0,0,1
213,2012-08-01,0.0,23.9,13.3,2.2,drizzle,1,0,0,0,0
214,2012-08-02,0.0,23.3,12.2,2.5,sun,0,0,0,0,1
215,2012-08-03,0.0,27.2,12.8,3.9,sun,0,0,0,0,1
216,2012-08-04,0.0,33.9,16.7,3.7,sun,0,0,0,0,1
217,2012-08-05,0.0,33.9,17.8,1.9,sun,0,0,0,0,1
218,2012-08-06,0.0,28.3,15.6,2.5,rain,0,0,1,0,0
219,2012-08-07,0.0,21.1,15.0,2.6,drizzle,1,0,0,0,0
220,2012-08-08,0.0,22.2,15.0,3.1,sun,0,0,0,0,1
221,2012-08-09,0.0,24.4,14.4,3.8,drizzle,1,0,0,0,0
222,2012-08-10,0.0,25.6,12.2,2.3,sun,0,0,0,0,1
223,2012-08-11,0.0,28.3,13.3,2.5,sun,0,0,0,0,1
224,2012-08-12,0.0,30.6,15.0,3.0,sun,0,0,0,0,1
225,2012-08-13,0.0,30.6,15.0,2.8,sun,0,0,0,0,1
226,2012-08-14,0.0,28.9,13.9,2.8,sun,0,0,0,0,1
227,2012-08-15,0.0,31.1,16.7,4.7,sun,0,0,0,0,1
228,2012-08-16,0.0,34.4,18.3,2.8,sun,0,0,0,0,1
229,2012-08-17,0.0,32.8,16.1,1.8,sun,0,0,0,0,1
230,2012-08-18,0.0,21.7,14.4,3.0,drizzle,1,0,0,0,0
231,2012-08-19,0.0,23.3,15.0,2.7,drizzle,1,0,0,0,0
232,2012-08-20,0.0,25.6,15.0,1.9,sun,0,0,0,0,1
233,2012-08-21,0.0,23.3,13.3,3.0,rain,0,0,1,0,0
234,2012-08-22,0.0,22.2,13.3,2.3,sun,0,0,0,0,1
235,2012-08-23,0.0,21.1,13.9,3.8,sun,0,0,0,0,1
236,2012-08-24,0.0,22.2,10.0,3.3,sun,0,0,0,0,1
237,2012-08-25,0.0,26.1,11.7,3.2,sun,0,0,0,0,1
238,2012-08-26,0.0,21.1,12.2,3.4,sun,0,0,0,0,1
239,2012-08-27,0.0,23.9,13.3,1.8,sun,0,0,0,0,1
240,2012-08-28,0.0,22.8,12.2,3.2,sun,0,0,0,0,1
241,2012-08-29,0.0,22.8,13.3,2.4,sun,0,0,0,0,1
242,2012-08-30,0.0,22.8,12.8,1.9,sun,0,0,0,0,1
243,2012-08-31,0.0,22.2,10.6,2.9,sun,0,0,0,0,1
244,2012-09-01,0.0,21.7,10.6,2.1,sun,0,0,0,0,1
245,2012-09-02,0.0,21.1,10.0,2.0,sun,0,0,0,0,1
246,2012-09-03,0.0,22.8,12.8,3.3,sun,0,0,0,0,1
247,2012-09-04,0.0,24.4,11.1,3.1,sun,0,0,0,0,1
248,2012-09-05,0.0,26.1,11.7,2.6,sun,0,0,0,0,1
249,2012-09-06,0.0,28.3,14.4,4.2,sun,0,0,0,0,1
250,2012-09-07,0.0,32.2,13.3,3.1,sun,0,0,0,0,1
251,2012-09-08,0.0,25.0,13.3,3.0,sun,0,0,0,0,1
252,2012-09-09,0.3,18.9,13.9,5.0,rain,0,0,1,0,0
253,2012-09-10,0.3,20.0,11.7,3.9,rain,0,0,1,0,0
254,2012-09-11,0.0,20.0,8.9,4.2,sun,0,0,0,0,1
255,2012-09-12,0.0,22.2,10.0,5.6,sun,0,0,0,0,1
256,2012-09-13,0.0,27.8,11.7,3.6,sun,0,0,0,0,1
257,2012-09-14,0.0,26.1,11.1,1.5,sun,0,0,0,0,1
258,2012-09-15,0.0,22.2,11.1,1.9,sun,0,0,0,0,1
259,2012-09-16,0.0,24.4,9.4,2.3,sun,0,0,0,0,1
260,2012-09-17,0.0,27.8,11.7,2.2,fog,0,1,0,0,0
261,2012-09-18,0.0,27.8,11.7,1.4,sun,0,0,0,0,1
262,2012-09-19,0.0,23.9,11.7,1.9,drizzle,1,0,0,0,0
263,2012-09-20,0.0,19.4,10.0,2.5,drizzle,1,0,0,0,0
264,2012-09-21,0.0,16.1,12.8,2.1,drizzle,1,0,0,0,0
265,2012-09-22,0.3,19.4,11.7,1.1,rain,0,0,1,0,0
266,2012-09-23,0.0,19.4,10.0,1.4,fog,0,1,0,0,0
267,2012-09-24,0.0,21.1,10.0,1.8,fog,0,1,0,0,0
268,2012-09-25,0.0,19.4,11.1,1.7,sun,0,0,0,0,1
269,2012-09-26,0.0,19.4,9.4,1.7,drizzle,1,0,0,0,0
270,2012-09-27,0.0,22.8,10.0,1.7,drizzle,1,0,0,0,0
271,2012-09-28,0.0,25.0,12.2,1.1,rain,0,0,1,0,0
272,2012-09-29,0.0,20.6,12.2,4.3,sun,0,0,0,0,1
273,2012-09-30,0.0,21.1,7.8,3.1,sun,0,0,0,0,1
274,2012-10-01,0.0,23.3,8.9,3.0,sun,0,0,0,0,1
275,2012-10-02,0.0,17.8,10.0,4.1,sun,0,0,0,0,1
276,2012-10-03,0.0,18.9,7.8,7.3,sun,0,0,0,0,1
277,2012-10-04,0.0,18.9,8.3,6.5,sun,0,0,0,0,1
278,2012-10-05,0.0,21.7,8.9,5.7,sun,0,0,0,0,1
279,2012-10-06,0.0,23.9,7.8,5.1,sun,0,0,0,0,1
280,2012-10-07,0.0,23.9,7.8,1.3,sun,0,0,0,0,1
281,2012-10-08,0.0,21.1,7.8,1.9,sun,0,0,0,0,1
282,2012-10-09,0.0,16.1,8.9,1.6,drizzle,1,0,0,0,0
283,2012-10-10,0.0,12.2,8.3,1.4,drizzle,1,0,0,0,0
284,2012-10-11,0.0,13.9,7.2,1.3,drizzle,1,0,0,0,0
285,2012-10-12,2.0,13.9,8.9,4.6,rain,0,0,1,0,0
286,2012-10-13,4.8,15.6,12.2,3.9,rain,0,0,1,0,0
287,2012-10-14,16.5,17.8,13.3,3.4,rain,0,0,1,0,0
288,2012-10-15,7.9,17.2,11.1,4.6,rain,0,0,1,0,0
289,2012-10-16,0.0,16.1,8.3,5.5,sun,0,0,0,0,1
290,2012-10-17,0.0,14.4,6.1,1.6,sun,0,0,0,0,1
291,2012-10-18,20.8,17.8,6.7,2.0,rain,0,0,1,0,0
292,2012-10-19,4.8,15.0,9.4,5.3,rain,0,0,1,0,0
293,2012-10-20,0.5,11.1,6.1,5.7,rain,0,0,1,0,0
294,2012-10-21,6.4,11.7,4.4,2.7,rain,0,0,1,0,0
295,2012-10-22,8.9,7.8,3.3,2.6,rain,0,0,1,0,0
296,2012-10-23,0.0,11.1,5.6,3.0,rain,0,0,1,0,0
297,2012-10-24,7.1,11.7,6.1,2.1,rain,0,0,1,0,0
298,2012-10-25,0.0,11.7,6.7,1.5,sun,0,0,0,0,1
299,2012-10-26,1.5,11.1,7.2,2.5,rain,0,0,1,0,0
300,2012-10-27,23.1,14.4,9.4,5.1,rain,0,0,1,0,0
301,2012-10-28,6.1,14.4,10.0,3.8,rain,0,0,1,0,0
302,2012-10-29,10.9,15.6,10.0,4.9,rain,0,0,1,0,0
303,2012-10-30,34.5,15.0,12.2,2.8,rain,0,0,1,0,0
304,2012-10-31,14.5,15.6,11.1,2.7,rain,0,0,1,0,0
305,2012-11-01,9.7,15.0,10.6,3.0,rain,0,0,1,0,0
306,2012-11-02,5.6,15.0,10.6,1.0,rain,0,0,1,0,0
307,2012-11-03,0.5,15.6,11.1,3.6,rain,0,0,1,0,0
308,2012-11-04,8.1,17.8,12.8,3.8,rain,0,0,1,0,0
309,2012-11-05,0.8,15.0,7.8,4.0,rain,0,0,1,0,0
310,2012-11-06,0.3,12.8,6.7,3.5,rain,0,0,1,0,0
311,2012-11-07,0.0,12.2,3.9,3.4,rain,0,0,1,0,0
312,2012-11-08,0.0,10.0,1.1,3.4,rain,0,0,1,0,0
313,2012-11-09,0.0,8.9,1.1,2.0,rain,0,0,1,0,0
314,2012-11-10,0.0,7.8,-0.6,2.2,sun,0,0,0,0,1
315,2012-11-11,15.2,8.9,1.1,3.0,rain,0,0,1,0,0
316,2012-11-12,3.6,12.8,6.1,3.0,rain,0,0,1,0,0
317,2012-11-13,5.3,11.1,7.8,2.5,rain,0,0,1,0,0
318,2012-11-14,0.8,11.1,5.0,2.6,rain,0,0,1,0,0
319,2012-11-15,0.0,9.4,2.8,2.4,drizzle,1,0,0,0,0
320,2012-11-16,5.6,9.4,2.2,1.6,rain,0,0,1,0,0
321,2012-11-17,6.1,12.2,6.1,5.3,rain,0,0,1,0,0
322,2012-11-18,7.9,10.0,6.1,4.9,rain,0,0,1,0,0
323,2012-11-19,54.1,13.3,8.3,6.0,rain,0,0,1,0,0
324,2012-11-20,3.8,11.1,7.2,4.2,rain,0,0,1,0,0
325,2012-11-21,11.2,8.3,3.9,5.5,rain,0,0,1,0,0
326,2012-11-22,0.0,8.9,2.8,1.5,rain,0,0,1,0,0
327,2012-11-23,32.0,9.4,6.1,2.4,rain,0,0,1,0,0
328,2012-11-24,0.0,8.9,3.9,1.2,rain,0,0,1,0,0
329,2012-11-25,0.0,8.3,1.1,3.6,drizzle,1,0,0,0,0
330,2012-11-26,0.0,9.4,1.7,3.8,fog,0,1,0,0,0
331,2012-11-27,0.0,10.0,1.7,1.5,sun,0,0,0,0,1
332,2012-11-28,2.8,9.4,2.2,2.9,rain,0,0,1,0,0
333,2012-11-29,1.5,12.8,7.8,4.2,rain,0,0,1,0,0
334,2012-11-30,35.6,15.0,7.8,4.6,rain,0,0,1,0,0
335,2012-12-01,4.1,13.3,8.3,5.5,rain,0,0,1,0,0
336,2012-12-02,19.6,8.3,7.2,6.2,rain,0,0,1,0,0
337,2012-12-03,13.0,9.4,7.2,4.4,rain,0,0,1,0,0
338,2012-12-04,14.2,11.7,7.2,6.2,rain,0,0,1,0,0
339,2012-12-05,1.5,8.9,4.4,5.0,rain,0,0,1,0,0
340,2012-12-06,1.5,7.2,6.1,5.1,rain,0,0,1,0,0
341,2012-12-07,1.0,7.8,3.3,4.6,rain,0,0,1,0,0
342,2012-12-08,0.0,6.7,3.3,2.0,sun,0,0,0,0,1
343,2012-12-09,1.5,6.7,2.8,2.1,rain,0,0,1,0,0
344,2012-12-10,0.5,7.2,5.6,1.8,rain,0,0,1,0,0
345,2012-12-11,3.0,7.8,5.6,4.5,rain,0,0,1,0,0
346,2012-12-12,8.1,6.7,4.4,2.0,rain,0,0,1,0,0
347,2012-12-13,2.3,7.2,3.3,2.8,rain,0,0,1,0,0
348,2012-12-14,7.9,6.1,1.1,1.7,rain,0,0,1,0,0
349,2012-12-15,5.3,4.4,0.6,5.1,snow,0,0,0,1,0
350,2012-12-16,22.6,6.7,3.3,5.5,snow,0,0,0,1,0
351,2012-12-17,2.0,8.3,1.7,9.5,rain,0,0,1,0,0
352,2012-12-18,3.3,3.9,0.6,5.3,snow,0,0,0,1,0
353,2012-12-19,13.7,8.3,1.7,5.8,snow,0,0,0,1,0
354,2012-12-20,13.2,7.2,0.6,3.7,rain,0,0,1,0,0
355,2012-12-21,1.8,8.3,-1.7,1.7,rain,0,0,1,0,0
356,2012-12-22,3.3,8.3,3.9,3.5,rain,0,0,1,0,0
357,2012-12-23,6.6,7.2,3.3,2.5,rain,0,0,1,0,0
358,2012-12-24,0.3,5.6,2.8,2.8,rain,0,0,1,0,0
359,2012-12-25,13.5,5.6,2.8,4.2,snow,0,0,0,1,0
360,2012-12-26,4.6,6.7,3.3,4.9,rain,0,0,1,0,0
361,2012-12-27,4.1,7.8,3.3,3.2,rain,0,0,1,0,0
362,2012-12-28,0.0,8.3,3.9,1.7,rain,0,0,1,0,0
363,2012-12-29,1.5,5.0,3.3,1.7,rain,0,0,1,0,0
364,2012-12-30,0.0,4.4,0.0,1.8,drizzle,1,0,0,0,0
365,2012-12-31,0.0,3.3,-1.1,2.0,drizzle,1,0,0,0,0
366,2013-01-01,0.0,5.0,-2.8,2.7,sun,0,0,0,0,1
367,2013-01-02,0.0,6.1,-1.1,3.2,sun,0,0,0,0,1
368,2013-01-03,4.1,6.7,-1.7,3.0,rain,0,0,1,0,0
369,2013-01-04,2.5,10.0,2.2,2.8,rain,0,0,1,0,0
370,2013-01-05,3.0,6.7,4.4,3.1,rain,0,0,1,0,0
371,2013-01-06,2.0,7.2,2.8,3.0,rain,0,0,1,0,0
372,2013-01-07,2.3,10.0,4.4,7.3,rain,0,0,1,0,0
373,2013-01-08,16.3,11.7,5.6,6.3,rain,0,0,1,0,0
374,2013-01-09,38.4,10.0,1.7,5.1,rain,0,0,1,0,0
375,2013-01-10,0.3,3.3,-0.6,2.1,snow,0,0,0,1,0
376,2013-01-11,0.0,2.8,-2.8,1.9,drizzle,1,0,0,0,0
377,2013-01-12,0.0,2.8,-3.9,2.0,sun,0,0,0,0,1
378,2013-01-13,0.0,2.2,-4.4,1.5,sun,0,0,0,0,1
379,2013-01-14,0.0,3.3,-2.2,1.3,sun,0,0,0,0,1
380,2013-01-15,0.0,6.7,-0.6,2.3,sun,0,0,0,0,1
381,2013-01-16,0.0,6.1,-3.9,1.8,drizzle,1,0,0,0,0
382,2013-01-17,0.0,3.9,-2.8,1.0,drizzle,1,0,0,0,0
383,2013-01-18,0.0,3.3,-1.1,1.3,drizzle,1,0,0,0,0
384,2013-01-19,0.0,1.1,-0.6,1.9,drizzle,1,0,0,0,0
385,2013-01-20,0.0,3.3,-0.6,2.1,drizzle,1,0,0,0,0
386,2013-01-21,0.0,2.2,-1.7,1.1,drizzle,1,0,0,0,0
387,2013-01-22,0.0,3.3,-1.7,0.6,drizzle,1,0,0,0,0
388,2013-01-23,5.1,7.2,2.2,3.1,rain,0,0,1,0,0
389,2013-01-24,5.8,7.2,1.1,2.6,rain,0,0,1,0,0
390,2013-01-25,3.0,10.6,2.8,2.1,rain,0,0,1,0,0
391,2013-01-26,2.3,8.3,3.9,4.5,rain,0,0,1,0,0
392,2013-01-27,1.8,5.6,3.9,4.5,rain,0,0,1,0,0
393,2013-01-28,7.9,6.1,3.3,3.2,rain,0,0,1,0,0
394,2013-01-29,4.3,8.3,5.0,3.9,rain,0,0,1,0,0
395,2013-01-30,3.6,8.9,6.7,3.9,rain,0,0,1,0,0
396,2013-01-31,3.0,9.4,7.2,4.0,rain,0,0,1,0,0
397,2013-02-01,0.3,11.7,5.0,2.9,rain,0,0,1,0,0
398,2013-02-02,0.0,6.1,2.8,2.0,drizzle,1,0,0,0,0
399,2013-02-03,2.3,8.9,2.8,2.9,rain,0,0,1,0,0
400,2013-02-04,0.0,10.6,6.7,2.6,rain,0,0,1,0,0
401,2013-02-05,3.3,10.0,6.7,5.1,rain,0,0,1,0,0
402,2013-02-06,1.0,10.6,6.1,4.5,rain,0,0,1,0,0
403,2013-02-07,1.3,9.4,3.3,4.1,rain,0,0,1,0,0
404,2013-02-08,0.0,7.8,2.2,1.3,sun,0,0,0,0,1
405,2013-02-09,0.3,8.3,4.4,1.3,rain,0,0,1,0,0
406,2013-02-10,0.0,8.9,1.7,2.0,drizzle,1,0,0,0,0
407,2013-02-11,0.3,8.3,4.4,1.4,rain,0,0,1,0,0
408,2013-02-12,1.0,11.1,7.2,5.6,rain,0,0,1,0,0
409,2013-02-13,2.3,9.4,7.2,4.1,rain,0,0,1,0,0
410,2013-02-14,1.0,9.4,5.6,2.2,rain,0,0,1,0,0
411,2013-02-15,0.0,13.3,5.0,2.4,drizzle,1,0,0,0,0
412,2013-02-16,0.0,11.1,3.9,5.6,rain,0,0,1,0,0
413,2013-02-17,0.0,9.4,4.4,3.4,rain,0,0,1,0,0
414,2013-02-18,0.0,7.8,3.9,1.9,rain,0,0,1,0,0
415,2013-02-19,0.0,10.6,1.7,3.4,sun,0,0,0,0,1
416,2013-02-20,1.5,7.8,1.1,2.1,rain,0,0,1,0,0
417,2013-02-21,0.5,6.7,3.9,6.2,rain,0,0,1,0,0
418,2013-02-22,9.4,7.8,3.9,8.1,rain,0,0,1,0,0
419,2013-02-23,0.3,10.0,3.9,4.6,rain,0,0,1,0,0
420,2013-02-24,0.0,8.9,5.0,5.5,rain,0,0,1,0,0
421,2013-02-25,2.3,10.6,3.3,7.1,rain,0,0,1,0,0
422,2013-02-26,0.5,8.9,3.9,3.8,rain,0,0,1,0,0
423,2013-02-27,4.6,10.0,4.4,1.8,rain,0,0,1,0,0
424,2013-02-28,8.1,11.7,6.7,3.8,rain,0,0,1,0,0
425,2013-03-01,4.1,15.0,11.1,5.4,rain,0,0,1,0,0
426,2013-03-02,0.8,13.9,5.0,4.5,rain,0,0,1,0,0
427,2013-03-03,0.0,11.1,2.2,2.8,sun,0,0,0,0,1
428,2013-03-04,0.0,13.3,0.0,3.9,sun,0,0,0,0,1
429,2013-03-05,0.0,9.4,6.1,2.4,rain,0,0,1,0,0
430,2013-03-06,11.9,7.2,5.0,4.1,rain,0,0,1,0,0
431,2013-03-07,7.4,12.2,5.0,2.5,rain,0,0,1,0,0
432,2013-03-08,0.0,11.7,2.2,2.6,drizzle,1,0,0,0,0
433,2013-03-09,0.0,12.8,1.1,1.3,fog,0,1,0,0,0
434,2013-03-10,0.8,7.8,3.9,1.6,rain,0,0,1,0,0
435,2013-03-11,1.3,10.6,6.1,1.1,rain,0,0,1,0,0
436,2013-03-12,2.0,12.8,10.0,5.7,rain,0,0,1,0,0
437,2013-03-13,2.3,11.7,9.4,3.7,rain,0,0,1,0,0
438,2013-03-14,2.8,11.7,9.4,3.0,rain,0,0,1,0,0
439,2013-03-15,0.0,14.4,8.9,4.3,rain,0,0,1,0,0
440,2013-03-16,4.3,10.6,4.4,6.4,rain,0,0,1,0,0
441,2013-03-17,0.0,8.9,3.9,6.1,sun,0,0,0,0,1
442,2013-03-18,0.0,11.7,3.9,5.9,rain,0,0,1,0,0
443,2013-03-19,11.7,12.8,1.7,3.4,rain,0,0,1,0,0
444,2013-03-20,9.9,11.1,4.4,7.6,rain,0,0,1,0,0
445,2013-03-21,8.1,10.0,2.2,4.9,snow,0,0,0,1,0
446,2013-03-22,0.0,9.4,0.6,2.2,sun,0,0,0,0,1
447,2013-03-23,0.0,10.0,1.1,2.6,sun,0,0,0,0,1
448,2013-03-24,0.0,12.2,0.6,2.1,sun,0,0,0,0,1
449,2013-03-25,0.0,16.7,4.4,2.8,sun,0,0,0,0,1
450,2013-03-26,0.0,16.7,6.1,1.7,sun,0,0,0,0,1
451,2013-03-27,0.3,13.3,7.2,1.6,rain,0,0,1,0,0
452,2013-03-28,2.0,16.1,8.3,1.3,rain,0,0,1,0,0
453,2013-03-29,0.0,18.3,7.8,2.5,rain,0,0,1,0,0
454,2013-03-30,0.0,20.0,5.6,4.4,drizzle,1,0,0,0,0
455,2013-03-31,0.0,20.6,6.7,2.9,sun,0,0,0,0,1
456,2013-04-01,0.0,17.2,8.3,3.6,sun,0,0,0,0,1
457,2013-04-02,0.0,13.9,8.9,2.2,sun,0,0,0,0,1
458,2013-04-03,0.0,16.7,7.8,1.6,sun,0,0,0,0,1
459,2013-04-04,8.4,14.4,10.0,3.0,rain,0,0,1,0,0
460,2013-04-05,18.5,13.9,10.0,5.6,rain,0,0,1,0,0
461,2013-04-06,12.7,12.2,7.2,5.0,rain,0,0,1,0,0
462,2013-04-07,39.1,8.3,5.0,3.9,rain,0,0,1,0,0
463,2013-04-08,0.8,13.3,6.1,3.1,rain,0,0,1,0,0
464,2013-04-09,0.0,12.2,6.1,2.4,sun,0,0,0,0,1
465,2013-04-10,9.4,15.0,8.9,6.4,rain,0,0,1,0,0
466,2013-04-11,1.5,12.2,6.7,3.8,rain,0,0,1,0,0
467,2013-04-12,9.7,7.8,4.4,4.6,rain,0,0,1,0,0
468,2013-04-13,9.4,10.6,3.3,5.7,rain,0,0,1,0,0
469,2013-04-14,5.8,12.8,4.4,2.3,rain,0,0,1,0,0
470,2013-04-15,0.0,13.9,4.4,2.4,fog,0,1,0,0,0
471,2013-04-16,0.3,13.9,3.3,2.6,rain,0,0,1,0,0
472,2013-04-17,0.0,15.0,3.9,3.3,drizzle,1,0,0,0,0
473,2013-04-18,5.3,11.7,6.7,4.0,rain,0,0,1,0,0
474,2013-04-19,20.6,13.3,9.4,4.9,rain,0,0,1,0,0
475,2013-04-20,0.0,13.9,8.3,5.8,sun,0,0,0,0,1
476,2013-04-21,3.3,12.2,6.7,4.1,rain,0,0,1,0,0
477,2013-04-22,0.0,16.1,5.0,4.3,sun,0,0,0,0,1
478,2013-04-23,0.0,17.8,3.9,2.8,sun,0,0,0,0,1
479,2013-04-24,0.0,21.1,6.1,3.0,sun,0,0,0,0,1
480,2013-04-25,0.0,21.7,6.7,1.1,sun,0,0,0,0,1
481,2013-04-26,0.0,20.6,8.3,2.2,fog,0,1,0,0,0
482,2013-04-27,0.0,13.9,10.6,5.9,sun,0,0,0,0,1
483,2013-04-28,1.0,15.0,9.4,5.2,rain,0,0,1,0,0
484,2013-04-29,3.8,13.9,6.7,4.2,rain,0,0,1,0,0
485,2013-04-30,0.0,12.8,4.4,2.4,sun,0,0,0,0,1
486,2013-05-01,0.0,18.3,3.3,3.1,sun,0,0,0,0,1
487,2013-05-02,0.0,20.6,6.7,4.0,sun,0,0,0,0,1
488,2013-05-03,0.0,21.7,9.4,4.9,sun,0,0,0,0,1
489,2013-05-04,0.0,25.0,11.1,6.5,sun,0,0,0,0,1
490,2013-05-05,0.0,28.9,11.7,5.3,sun,0,0,0,0,1
491,2013-05-06,0.0,30.6,12.2,2.0,sun,0,0,0,0,1
492,2013-05-07,0.0,20.6,11.1,3.3,sun,0,0,0,0,1
493,2013-05-08,0.0,19.4,11.1,1.9,sun,0,0,0,0,1
494,2013-05-09,0.0,22.8,10.0,1.3,sun,0,0,0,0,1
495,2013-05-10,0.0,26.1,9.4,1.0,sun,0,0,0,0,1
496,2013-05-11,0.0,27.2,12.2,2.6,sun,0,0,0,0,1
497,2013-05-12,6.6,21.7,13.9,3.9,rain,0,0,1,0,0
498,2013-05-13,3.3,18.9,9.4,5.0,rain,0,0,1,0,0
499,2013-05-14,0.0,18.3,7.8,2.4,sun,0,0,0,0,1
500,2013-05-15,1.0,17.2,8.9,2.3,rain,0,0,1,0,0
501,2013-05-16,0.0,21.7,12.2,2.7,fog,0,1,0,0,0
502,2013-05-17,0.5,17.2,11.7,3.7,rain,0,0,1,0,0
503,2013-05-18,0.0,16.7,11.1,2.9,sun,0,0,0,0,1
504,2013-05-19,0.0,18.3,10.6,2.3,sun,0,0,0,0,1
505,2013-05-20,0.0,19.4,9.4,1.8,sun,0,0,0,0,1
506,2013-05-21,13.7,15.6,8.3,4.8,rain,0,0,1,0,0
507,2013-05-22,13.7,11.1,7.2,3.0,rain,0,0,1,0,0
508,2013-05-23,4.1,12.2,6.7,1.9,rain,0,0,1,0,0
509,2013-05-24,0.3,16.7,8.9,2.7,rain,0,0,1,0,0
510,2013-05-25,0.0,17.8,10.0,2.7,sun,0,0,0,0,1
511,2013-05-26,1.5,18.3,10.6,2.2,rain,0,0,1,0,0
512,2013-05-27,9.7,16.7,11.1,3.1,rain,0,0,1,0,0
513,2013-05-28,0.5,17.2,11.7,2.8,rain,0,0,1,0,0
514,2013-05-29,5.6,16.1,9.4,4.0,rain,0,0,1,0,0
515,2013-05-30,0.0,16.7,9.4,5.3,sun,0,0,0,0,1
516,2013-05-31,0.0,19.4,11.1,2.5,sun,0,0,0,0,1
517,2013-06-01,0.0,22.8,12.2,2.5,sun,0,0,0,0,1
518,2013-06-02,1.0,20.6,12.2,3.1,rain,0,0,1,0,0
519,2013-06-03,0.0,22.2,11.1,2.9,sun,0,0,0,0,1
520,2013-06-04,0.0,26.1,12.2,3.4,sun,0,0,0,0,1
521,2013-06-05,0.0,26.7,14.4,3.1,sun,0,0,0,0,1
522,2013-06-06,0.0,26.7,12.2,2.5,sun,0,0,0,0,1
523,2013-06-07,0.0,21.7,13.3,3.2,sun,0,0,0,0,1
524,2013-06-08,0.0,20.6,12.8,3.1,sun,0,0,0,0,1
525,2013-06-09,0.0,20.6,11.1,3.7,sun,0,0,0,0,1
526,2013-06-10,0.0,21.7,11.7,3.2,sun,0,0,0,0,1
527,2013-06-11,0.0,20.0,10.0,5.7,sun,0,0,0,0,1
528,2013-06-12,0.3,20.6,11.7,4.2,rain,0,0,1,0,0
529,2013-06-13,0.0,21.1,11.7,2.6,sun,0,0,0,0,1
530,2013-06-14,0.0,20.0,12.2,3.7,sun,0,0,0,0,1
531,2013-06-15,0.0,25.6,10.0,2.9,sun,0,0,0,0,1
532,2013-06-16,0.0,23.9,12.8,3.4,sun,0,0,0,0,1
533,2013-06-17,0.0,25.6,13.9,3.0,sun,0,0,0,0,1
534,2013-06-18,0.3,23.3,13.3,3.4,rain,0,0,1,0,0
535,2013-06-19,0.0,20.0,12.8,3.7,sun,0,0,0,0,1
536,2013-06-20,3.0,17.2,12.8,5.0,rain,0,0,1,0,0
537,2013-06-21,0.3,20.6,12.2,1.5,rain,0,0,1,0,0
538,2013-06-22,0.0,25.6,11.7,1.7,sun,0,0,0,0,1
539,2013-06-23,7.9,22.2,15.0,2.1,rain,0,0,1,0,0
540,2013-06-24,4.8,21.1,13.9,3.7,rain,0,0,1,0,0
541,2013-06-25,9.9,23.3,14.4,2.8,rain,0,0,1,0,0
542,2013-06-26,2.0,22.2,15.0,2.3,rain,0,0,1,0,0
543,2013-06-27,3.6,21.1,16.7,1.3,rain,0,0,1,0,0
544,2013-06-28,0.0,30.6,16.1,2.2,sun,0,0,0,0,1
545,2013-06-29,0.0,30.0,18.3,1.7,sun,0,0,0,0,1
546,2013-06-30,0.0,33.9,17.2,2.5,sun,0,0,0,0,1
547,2013-07-01,0.0,31.7,18.3,2.3,sun,0,0,0,0,1
548,2013-07-02,0.0,28.3,15.6,3.0,sun,0,0,0,0,1
549,2013-07-03,0.0,26.1,16.7,3.2,sun,0,0,0,0,1
550,2013-07-04,0.0,21.7,13.9,2.2,fog,0,1,0,0,0
551,2013-07-05,0.0,23.3,13.9,2.6,sun,0,0,0,0,1
552,2013-07-06,0.0,26.1,13.3,2.2,sun,0,0,0,0,1
553,2013-07-07,0.0,23.9,13.9,2.9,sun,0,0,0,0,1
554,2013-07-08,0.0,26.7,13.3,2.8,sun,0,0,0,0,1
555,2013-07-09,0.0,30.0,15.0,2.5,sun,0,0,0,0,1
556,2013-07-10,0.0,22.2,13.9,2.6,sun,0,0,0,0,1
557,2013-07-11,0.0,22.8,12.2,3.0,sun,0,0,0,0,1
558,2013-07-12,0.0,19.4,13.3,2.2,sun,0,0,0,0,1
559,2013-07-13,0.0,26.1,11.1,3.1,sun,0,0,0,0,1
560,2013-07-14,0.0,27.8,12.8,3.0,sun,0,0,0,0,1
561,2013-07-15,0.0,27.8,14.4,4.6,sun,0,0,0,0,1
562,2013-07-16,0.0,31.1,18.3,4.1,sun,0,0,0,0,1
563,2013-07-17,0.0,22.2,15.0,3.7,sun,0,0,0,0,1
564,2013-07-18,0.0,26.1,13.9,2.0,sun,0,0,0,0,1
565,2013-07-19,0.0,27.8,13.3,1.9,sun,0,0,0,0,1
566,2013-07-20,0.0,25.0,13.3,2.0,sun,0,0,0,0,1
567,2013-07-21,0.0,23.9,12.8,2.3,sun,0,0,0,0,1
568,2013-07-22,0.0,26.1,13.3,2.4,fog,0,1,0,0,0
569,2013-07-23,0.0,31.1,13.9,3.0,sun,0,0,0,0,1
570,2013-07-24,0.0,31.1,14.4,2.5,sun,0,0,0,0,1
571,2013-07-25,0.0,31.1,12.8,2.3,sun,0,0,0,0,1
572,2013-07-26,0.0,31.1,14.4,2.9,sun,0,0,0,0,1
573,2013-07-27,0.0,25.6,12.8,2.6,sun,0,0,0,0,1
574,2013-07-28,0.0,21.1,12.2,3.4,fog,0,1,0,0,0
575,2013-07-29,0.0,25.0,13.3,1.4,sun,0,0,0,0,1
576,2013-07-30,0.0,25.0,13.3,2.8,sun,0,0,0,0,1
577,2013-07-31,0.0,21.7,13.3,1.8,sun,0,0,0,0,1
578,2013-08-01,0.0,20.6,13.3,3.9,sun,0,0,0,0,1
579,2013-08-02,2.0,17.2,15.0,2.0,rain,0,0,1,0,0
580,2013-08-03,0.0,25.0,15.6,2.4,fog,0,1,0,0,0
581,2013-08-04,0.0,28.9,15.0,3.4,sun,0,0,0,0,1
582,2013-08-05,0.0,30.0,15.0,2.1,sun,0,0,0,0,1
583,2013-08-06,0.0,30.6,13.9,1.4,sun,0,0,0,0,1
584,2013-08-07,0.0,31.1,13.9,1.9,sun,0,0,0,0,1
585,2013-08-08,0.0,28.3,14.4,2.5,sun,0,0,0,0,1
586,2013-08-09,0.0,28.3,14.4,2.1,sun,0,0,0,0,1
587,2013-08-10,2.3,25.6,15.0,2.9,rain,0,0,1,0,0
588,2013-08-11,0.0,25.0,14.4,2.9,sun,0,0,0,0,1
589,2013-08-12,0.0,25.6,16.1,1.9,sun,0,0,0,0,1
590,2013-08-13,0.0,27.8,15.0,1.8,sun,0,0,0,0,1
591,2013-08-14,0.8,27.2,15.0,2.0,rain,0,0,1,0,0
592,2013-08-15,1.8,21.1,17.2,1.0,rain,0,0,1,0,0
593,2013-08-16,0.0,28.9,16.1,2.2,fog,0,1,0,0,0
594,2013-08-17,0.0,25.6,17.2,3.0,sun,0,0,0,0,1
595,2013-08-18,0.0,26.1,15.6,3.1,sun,0,0,0,0,1
596,2013-08-19,0.0,26.7,15.6,3.0,sun,0,0,0,0,1
597,2013-08-20,0.0,25.6,16.1,4.6,sun,0,0,0,0,1
598,2013-08-21,0.0,27.8,15.0,4.3,sun,0,0,0,0,1
599,2013-08-22,0.0,28.9,15.0,1.9,sun,0,0,0,0,1
600,2013-08-23,0.0,25.0,16.1,4.1,sun,0,0,0,0,1
601,2013-08-24,0.0,25.0,16.7,2.7,sun,0,0,0,0,1
602,2013-08-25,0.3,22.2,16.1,2.6,rain,0,0,1,0,0
603,2013-08-26,1.0,24.4,16.1,1.9,rain,0,0,1,0,0
604,2013-08-27,1.3,26.7,17.2,1.4,rain,0,0,1,0,0
605,2013-08-28,5.6,26.7,15.6,1.3,rain,0,0,1,0,0
606,2013-08-29,19.3,23.9,18.3,3.0,rain,0,0,1,0,0
607,2013-08-30,0.0,26.1,16.1,2.9,sun,0,0,0,0,1
608,2013-08-31,0.0,27.8,13.9,2.6,sun,0,0,0,0,1
609,2013-09-01,0.0,27.8,15.6,2.5,sun,0,0,0,0,1
610,2013-09-02,0.0,27.8,17.2,2.1,sun,0,0,0,0,1
611,2013-09-03,2.3,25.0,16.7,1.7,rain,0,0,1,0,0
612,2013-09-04,0.3,22.8,16.1,2.4,rain,0,0,1,0,0
613,2013-09-05,27.7,20.0,15.6,2.5,rain,0,0,1,0,0
614,2013-09-06,21.3,21.7,16.1,2.6,rain,0,0,1,0,0
615,2013-09-07,0.0,23.3,17.2,2.0,sun,0,0,0,0,1
616,2013-09-08,0.0,26.7,14.4,1.5,fog,0,1,0,0,0
617,2013-09-09,0.0,26.1,13.9,2.1,sun,0,0,0,0,1
618,2013-09-10,0.0,26.7,15.0,3.7,sun,0,0,0,0,1
619,2013-09-11,0.0,33.9,16.1,2.4,sun,0,0,0,0,1
620,2013-09-12,0.0,25.6,15.0,1.7,sun,0,0,0,0,1
621,2013-09-13,0.0,18.9,15.6,2.0,sun,0,0,0,0,1
622,2013-09-14,0.0,21.7,15.6,1.4,fog,0,1,0,0,0
623,2013-09-15,3.3,18.9,14.4,2.2,rain,0,0,1,0,0
624,2013-09-16,0.3,21.7,15.0,4.3,rain,0,0,1,0,0
625,2013-09-17,0.0,17.8,13.9,2.3,sun,0,0,0,0,1
626,2013-09-18,0.0,21.1,13.3,2.5,sun,0,0,0,0,1
627,2013-09-19,0.0,25.6,10.0,1.5,sun,0,0,0,0,1
628,2013-09-20,3.6,23.3,13.3,3.0,rain,0,0,1,0,0
629,2013-09-21,0.0,21.1,13.3,2.5,sun,0,0,0,0,1
630,2013-09-22,13.5,17.2,13.3,5.5,rain,0,0,1,0,0
631,2013-09-23,2.8,16.1,11.1,4.5,rain,0,0,1,0,0
632,2013-09-24,0.0,17.8,10.0,2.6,sun,0,0,0,0,1
633,2013-09-25,2.0,16.1,9.4,3.0,rain,0,0,1,0,0
634,2013-09-26,0.0,17.2,7.2,2.2,sun,0,0,0,0,1
635,2013-09-27,1.0,13.9,10.6,4.3,rain,0,0,1,0,0
636,2013-09-28,43.4,16.7,11.7,6.0,rain,0,0,1,0,0
637,2013-09-29,16.8,14.4,11.1,7.1,rain,0,0,1,0,0
638,2013-09-30,18.5,13.9,10.0,6.3,rain,0,0,1,0,0
639,2013-10-01,7.9,14.4,8.9,4.7,rain,0,0,1,0,0
640,2013-10-02,5.3,12.8,9.4,2.4,rain,0,0,1,0,0
641,2013-10-03,0.8,14.4,8.9,0.9,rain,0,0,1,0,0
642,2013-10-04,0.0,17.8,5.6,1.1,sun,0,0,0,0,1
643,2013-10-05,0.0,20.0,8.3,1.6,sun,0,0,0,0,1
644,2013-10-06,4.1,22.8,7.8,2.6,rain,0,0,1,0,0
645,2013-10-07,0.5,16.1,11.7,6.3,rain,0,0,1,0,0
646,2013-10-08,6.9,13.9,7.8,3.0,rain,0,0,1,0,0
647,2013-10-09,0.0,15.0,5.6,1.6,sun,0,0,0,0,1
648,2013-10-10,1.0,14.4,8.3,1.7,rain,0,0,1,0,0
649,2013-10-11,9.1,13.9,10.6,1.0,rain,0,0,1,0,0
650,2013-10-12,1.0,14.4,8.9,2.2,rain,0,0,1,0,0
651,2013-10-13,0.0,15.0,6.7,1.8,fog,0,1,0,0,0
652,2013-10-14,0.0,15.6,3.9,1.6,sun,0,0,0,0,1
653,2013-10-15,0.0,15.6,5.0,0.9,sun,0,0,0,0,1
654,2013-10-16,0.0,12.8,8.9,2.7,fog,0,1,0,0,0
655,2013-10-17,0.0,14.4,8.9,1.7,fog,0,1,0,0,0
656,2013-10-18,0.0,12.8,7.2,1.2,sun,0,0,0,0,1
657,2013-10-19,0.0,10.6,7.8,1.4,sun,0,0,0,0,1
658,2013-10-20,0.0,10.6,7.8,2.4,sun,0,0,0,0,1
659,2013-10-21,0.0,11.7,8.3,2.5,sun,0,0,0,0,1
660,2013-10-22,0.0,14.4,7.2,1.9,sun,0,0,0,0,1
661,2013-10-23,0.0,12.8,6.1,0.4,sun,0,0,0,0,1
662,2013-10-24,0.0,10.0,6.1,0.6,sun,0,0,0,0,1
663,2013-10-25,0.0,12.2,7.8,1.8,sun,0,0,0,0,1
664,2013-10-26,0.0,11.7,8.3,2.7,sun,0,0,0,0,1
665,2013-10-27,1.8,13.9,8.3,4.4,rain,0,0,1,0,0
666,2013-10-28,0.0,14.4,7.2,5.1,sun,0,0,0,0,1
667,2013-10-29,0.0,13.3,3.3,2.2,sun,0,0,0,0,1
668,2013-10-30,0.5,15.0,5.6,3.9,rain,0,0,1,0,0
669,2013-10-31,0.3,14.4,10.6,2.2,rain,0,0,1,0,0
670,2013-11-01,1.3,17.8,11.7,1.4,rain,0,0,1,0,0
671,2013-11-02,12.7,14.4,8.3,7.9,rain,0,0,1,0,0
672,2013-11-03,0.5,12.2,4.4,2.4,rain,0,0,1,0,0
673,2013-11-04,0.0,10.6,3.9,1.6,drizzle,1,0,0,0,0
674,2013-11-05,2.5,13.3,7.2,3.1,rain,0,0,1,0,0
675,2013-11-06,3.8,12.8,7.8,1.7,rain,0,0,1,0,0
676,2013-11-07,30.0,11.1,10.0,7.2,rain,0,0,1,0,0
677,2013-11-08,0.0,13.3,7.2,4.1,sun,0,0,0,0,1
678,2013-11-09,1.8,11.1,5.0,1.4,rain,0,0,1,0,0
679,2013-11-10,0.0,11.1,8.3,4.4,sun,0,0,0,0,1
680,2013-11-11,0.0,16.1,6.1,2.6,fog,0,1,0,0,0
681,2013-11-12,4.1,15.6,8.9,2.2,rain,0,0,1,0,0
682,2013-11-13,0.0,13.9,10.6,3.8,sun,0,0,0,0,1
683,2013-11-14,1.3,11.1,6.1,1.1,rain,0,0,1,0,0
684,2013-11-15,3.0,10.6,7.2,6.0,rain,0,0,1,0,0
685,2013-11-16,0.0,10.0,5.0,4.6,sun,0,0,0,0,1
686,2013-11-17,5.3,11.7,7.2,5.4,rain,0,0,1,0,0
687,2013-11-18,26.2,12.8,9.4,3.9,rain,0,0,1,0,0
688,2013-11-19,1.0,13.3,4.4,5.1,rain,0,0,1,0,0
689,2013-11-20,0.0,7.8,1.7,4.3,sun,0,0,0,0,1
690,2013-11-21,0.0,7.8,-0.5,3.6,sun,0,0,0,0,1
691,2013-11-22,0.0,9.4,0.0,4.6,sun,0,0,0,0,1
692,2013-11-23,0.0,11.1,1.1,2.6,sun,0,0,0,0,1
693,2013-11-24,0.0,11.7,0.6,0.9,fog,0,1,0,0,0
694,2013-11-25,0.0,12.2,2.2,0.5,sun,0,0,0,0,1
695,2013-11-26,0.0,12.2,2.8,1.0,sun,0,0,0,0,1
696,2013-11-27,0.0,14.4,5.6,1.3,sun,0,0,0,0,1
697,2013-11-28,0.0,11.7,3.3,0.7,sun,0,0,0,0,1
698,2013-11-29,0.5,9.4,5.0,2.1,rain,0,0,1,0,0
699,2013-11-30,2.3,11.1,7.2,3.9,rain,0,0,1,0,0
700,2013-12-01,3.0,13.3,7.8,8.8,rain,0,0,1,0,0
701,2013-12-02,4.6,7.8,1.7,3.5,rain,0,0,1,0,0
702,2013-12-03,0.0,5.0,-0.5,5.6,sun,0,0,0,0,1
703,2013-12-04,0.0,4.4,-2.1,1.6,sun,0,0,0,0,1
704,2013-12-05,0.0,1.1,-4.9,2.6,sun,0,0,0,0,1
705,2013-12-06,0.0,1.1,-4.3,4.7,sun,0,0,0,0,1
706,2013-12-07,0.0,0.0,-7.1,3.1,sun,0,0,0,0,1
707,2013-12-08,0.0,2.2,-6.6,2.2,sun,0,0,0,0,1
708,2013-12-09,0.0,1.1,-4.9,1.3,sun,0,0,0,0,1
709,2013-12-10,0.0,5.6,0.6,1.5,sun,0,0,0,0,1
710,2013-12-11,0.0,5.0,-1.6,0.8,sun,0,0,0,0,1
711,2013-12-12,6.9,5.6,-0.5,2.3,rain,0,0,1,0,0
712,2013-12-13,0.5,9.4,5.6,2.9,rain,0,0,1,0,0
713,2013-12-14,0.0,9.4,6.1,3.7,sun,0,0,0,0,1
714,2013-12-15,1.3,11.7,8.3,3.9,rain,0,0,1,0,0
715,2013-12-16,0.3,10.0,4.4,1.0,rain,0,0,1,0,0
716,2013-12-17,0.0,8.3,4.4,2.7,sun,0,0,0,0,1
717,2013-12-18,1.3,7.8,2.2,2.8,rain,0,0,1,0,0
718,2013-12-19,0.0,5.0,0.0,2.1,sun,0,0,0,0,1
719,2013-12-20,5.6,8.3,0.6,3.7,snow,0,0,0,1,0
720,2013-12-21,5.6,8.9,5.6,2.3,rain,0,0,1,0,0
721,2013-12-22,10.7,10.6,8.3,4.0,rain,0,0,1,0,0
722,2013-12-23,1.5,11.7,6.1,5.9,rain,0,0,1,0,0
723,2013-12-24,0.0,8.3,2.8,1.7,sun,0,0,0,0,1
724,2013-12-25,0.0,6.7,1.7,0.8,sun,0,0,0,0,1
725,2013-12-26,0.0,6.7,0.6,0.5,sun,0,0,0,0,1
726,2013-12-27,0.3,8.9,0.0,2.1,rain,0,0,1,0,0
727,2013-12-28,0.0,9.4,3.3,1.3,sun,0,0,0,0,1
728,2013-12-29,0.0,7.2,1.7,1.1,sun,0,0,0,0,1
729,2013-12-30,0.3,8.9,4.4,2.6,rain,0,0,1,0,0
730,2013-12-31,0.5,8.3,5.0,1.7,rain,0,0,1,0,0
731,2014-01-01,0.0,7.2,3.3,1.2,sun,0,0,0,0,1
732,2014-01-02,4.1,10.6,6.1,3.2,rain,0,0,1,0,0
733,2014-01-03,1.5,8.9,2.8,2.6,rain,0,0,1,0,0
734,2014-01-04,0.0,7.8,0.6,2.7,fog,0,1,0,0,0
735,2014-01-05,0.0,8.3,-0.5,3.7,sun,0,0,0,0,1
736,2014-01-06,0.3,7.8,-0.5,2.6,rain,0,0,1,0,0
737,2014-01-07,12.2,8.3,5.0,1.6,rain,0,0,1,0,0
738,2014-01-08,9.7,10.0,7.2,4.6,rain,0,0,1,0,0
739,2014-01-09,5.8,9.4,5.6,6.3,rain,0,0,1,0,0
740,2014-01-10,4.3,12.8,8.3,7.0,rain,0,0,1,0,0
741,2014-01-11,21.3,14.4,7.2,8.8,rain,0,0,1,0,0
742,2014-01-12,1.5,11.1,5.6,8.1,rain,0,0,1,0,0
743,2014-01-13,0.0,10.6,10.0,7.1,sun,0,0,0,0,1
744,2014-01-14,0.0,11.1,7.2,1.3,sun,0,0,0,0,1
745,2014-01-15,0.0,11.1,5.6,2.5,sun,0,0,0,0,1
746,2014-01-16,0.0,6.7,4.4,2.7,sun,0,0,0,0,1
747,2014-01-17,0.0,5.6,2.8,2.3,sun,0,0,0,0,1
748,2014-01-18,0.0,9.4,0.6,2.2,sun,0,0,0,0,1
749,2014-01-19,0.0,6.1,3.3,2.5,sun,0,0,0,0,1
750,2014-01-20,0.0,10.0,2.8,2.2,sun,0,0,0,0,1
751,2014-01-21,0.0,10.0,1.7,1.5,sun,0,0,0,0,1
752,2014-01-22,0.5,9.4,5.6,2.6,rain,0,0,1,0,0
753,2014-01-23,0.0,10.0,2.8,5.2,fog,0,1,0,0,0
754,2014-01-24,0.0,12.8,1.1,1.9,sun,0,0,0,0,1
755,2014-01-25,0.0,12.2,1.1,0.8,sun,0,0,0,0,1
756,2014-01-26,0.0,8.3,0.6,1.3,sun,0,0,0,0,1
757,2014-01-27,0.0,9.4,1.7,1.3,sun,0,0,0,0,1
758,2014-01-28,8.9,11.1,6.1,1.6,rain,0,0,1,0,0
759,2014-01-29,21.6,11.1,7.2,3.4,rain,0,0,1,0,0
760,2014-01-30,0.0,8.3,6.1,6.4,sun,0,0,0,0,1
761,2014-01-31,2.3,7.8,5.6,2.6,rain,0,0,1,0,0
762,2014-02-01,2.0,7.8,2.8,0.8,rain,0,0,1,0,0
763,2014-02-02,0.0,8.9,1.1,2.5,sun,0,0,0,0,1
764,2014-02-03,0.0,5.0,0.0,4.3,sun,0,0,0,0,1
765,2014-02-04,0.0,2.8,-2.1,4.7,sun,0,0,0,0,1
766,2014-02-05,0.0,-0.5,-5.5,6.6,sun,0,0,0,0,1
767,2014-02-06,0.0,-1.6,-6.0,4.5,sun,0,0,0,0,1
768,2014-02-07,0.0,3.3,-4.9,4.2,sun,0,0,0,0,1
769,2014-02-08,5.1,5.6,-0.5,4.6,snow,0,0,0,1,0
770,2014-02-09,0.5,3.9,0.0,2.4,rain,0,0,1,0,0
771,2014-02-10,18.3,10.0,2.2,4.7,rain,0,0,1,0,0
772,2014-02-11,17.0,12.2,5.6,3.8,rain,0,0,1,0,0
773,2014-02-12,4.6,12.2,7.2,6.4,rain,0,0,1,0,0
774,2014-02-13,1.8,12.8,7.8,6.3,rain,0,0,1,0,0
775,2014-02-14,9.4,11.7,6.1,6.4,rain,0,0,1,0,0
776,2014-02-15,11.7,11.1,5.0,5.1,rain,0,0,1,0,0
777,2014-02-16,26.4,9.4,3.9,7.9,rain,0,0,1,0,0
778,2014-02-17,14.5,8.3,4.4,5.5,rain,0,0,1,0,0
779,2014-02-18,15.2,8.9,5.0,6.2,rain,0,0,1,0,0
780,2014-02-19,1.0,8.3,3.9,6.0,rain,0,0,1,0,0
781,2014-02-20,3.0,10.0,5.6,6.9,rain,0,0,1,0,0
782,2014-02-21,2.8,6.7,3.9,2.9,rain,0,0,1,0,0
783,2014-02-22,2.5,5.6,2.8,3.1,rain,0,0,1,0,0
784,2014-02-23,6.1,7.2,3.9,2.6,rain,0,0,1,0,0
785,2014-02-24,13.0,6.7,3.3,3.2,rain,0,0,1,0,0
786,2014-02-25,0.3,12.2,3.9,4.5,rain,0,0,1,0,0
787,2014-02-26,0.0,13.9,5.6,2.5,sun,0,0,0,0,1
788,2014-02-27,0.0,12.8,4.4,2.3,sun,0,0,0,0,1
789,2014-02-28,0.0,14.4,4.4,5.9,sun,0,0,0,0,1
790,2014-03-01,0.5,7.2,4.4,4.7,rain,0,0,1,0,0
791,2014-03-02,19.1,11.1,2.8,5.7,rain,0,0,1,0,0
792,2014-03-03,10.7,14.4,8.9,5.1,rain,0,0,1,0,0
793,2014-03-04,16.5,13.9,7.8,3.9,rain,0,0,1,0,0
794,2014-03-05,46.7,15.6,10.6,3.9,rain,0,0,1,0,0
795,2014-03-06,3.0,13.3,10.0,6.2,rain,0,0,1,0,0
796,2014-03-07,0.0,15.6,8.9,4.2,sun,0,0,0,0,1
797,2014-03-08,32.3,12.8,6.7,2.7,rain,0,0,1,0,0
798,2014-03-09,4.3,15.0,9.4,4.3,rain,0,0,1,0,0
799,2014-03-10,18.8,12.2,6.1,2.2,rain,0,0,1,0,0
800,2014-03-11,0.0,14.4,4.4,2.3,fog,0,1,0,0,0
801,2014-03-12,0.0,16.1,3.3,1.9,fog,0,1,0,0,0
802,2014-03-13,0.5,13.9,5.0,2.5,rain,0,0,1,0,0
803,2014-03-14,6.9,14.4,8.3,6.1,rain,0,0,1,0,0
804,2014-03-15,8.1,16.7,4.4,3.0,rain,0,0,1,0,0
805,2014-03-16,27.7,10.6,4.4,3.8,rain,0,0,1,0,0
806,2014-03-17,0.3,10.0,2.8,3.2,rain,0,0,1,0,0
807,2014-03-18,0.0,10.0,3.3,1.6,sun,0,0,0,0,1
808,2014-03-19,0.5,11.1,3.3,5.1,rain,0,0,1,0,0
809,2014-03-20,0.0,11.1,1.7,3.0,sun,0,0,0,0,1
810,2014-03-21,0.0,10.6,2.8,3.8,sun,0,0,0,0,1
811,2014-03-22,0.0,11.1,1.1,1.8,sun,0,0,0,0,1
812,2014-03-23,0.0,12.8,4.4,3.3,sun,0,0,0,0,1
813,2014-03-24,0.0,18.9,2.8,2.2,sun,0,0,0,0,1
814,2014-03-25,4.1,13.9,6.7,4.4,rain,0,0,1,0,0
815,2014-03-26,3.6,11.1,5.6,2.4,rain,0,0,1,0,0
816,2014-03-27,0.3,12.2,6.7,2.8,rain,0,0,1,0,0
817,2014-03-28,22.1,11.7,7.2,3.9,rain,0,0,1,0,0
818,2014-03-29,14.0,11.7,7.2,5.1,rain,0,0,1,0,0
819,2014-03-30,0.0,11.1,5.0,5.1,sun,0,0,0,0,1
820,2014-03-31,0.0,15.6,2.2,3.8,sun,0,0,0,0,1
821,2014-04-01,0.0,14.4,6.7,2.8,sun,0,0,0,0,1
822,2014-04-02,0.0,14.4,5.6,4.2,sun,0,0,0,0,1
823,2014-04-03,2.5,13.3,6.1,3.9,rain,0,0,1,0,0
824,2014-04-04,0.0,12.8,6.1,4.7,sun,0,0,0,0,1
825,2014-04-05,4.6,11.7,7.8,4.3,rain,0,0,1,0,0
826,2014-04-06,0.0,13.9,8.3,2.6,sun,0,0,0,0,1
827,2014-04-07,0.0,21.1,9.4,2.5,sun,0,0,0,0,1
828,2014-04-08,4.6,15.6,8.3,4.2,rain,0,0,1,0,0
829,2014-04-09,0.0,14.4,6.7,2.9,sun,0,0,0,0,1
830,2014-04-10,0.0,15.0,6.7,3.6,sun,0,0,0,0,1
831,2014-04-11,0.0,17.2,5.0,2.8,sun,0,0,0,0,1
832,2014-04-12,0.0,16.1,7.8,4.4,sun,0,0,0,0,1
833,2014-04-13,0.0,20.6,5.6,3.1,sun,0,0,0,0,1
834,2014-04-14,0.0,20.0,5.6,2.6,sun,0,0,0,0,1
835,2014-04-15,0.5,14.4,7.8,4.0,rain,0,0,1,0,0
836,2014-04-16,10.9,11.1,8.9,4.6,rain,0,0,1,0,0
837,2014-04-17,18.5,11.7,7.2,4.7,rain,0,0,1,0,0
838,2014-04-18,0.0,14.4,5.6,3.8,sun,0,0,0,0,1
839,2014-04-19,13.7,11.7,5.6,4.7,rain,0,0,1,0,0
840,2014-04-20,0.0,15.6,5.6,2.7,sun,0,0,0,0,1
841,2014-04-21,5.1,17.2,7.8,2.5,rain,0,0,1,0,0
842,2014-04-22,14.2,12.2,5.0,4.2,rain,0,0,1,0,0
843,2014-04-23,8.9,11.7,6.1,5.0,rain,0,0,1,0,0
844,2014-04-24,12.4,13.9,6.1,5.3,rain,0,0,1,0,0
845,2014-04-25,0.0,14.4,5.6,2.3,sun,0,0,0,0,1
846,2014-04-26,3.3,15.0,5.6,3.9,rain,0,0,1,0,0
847,2014-04-27,6.9,11.1,6.1,5.8,rain,0,0,1,0,0
848,2014-04-28,0.0,16.1,4.4,2.6,sun,0,0,0,0,1
849,2014-04-29,0.0,25.0,9.4,2.3,sun,0,0,0,0,1
850,2014-04-30,0.0,27.8,9.4,3.9,sun,0,0,0,0,1
851,2014-05-01,0.0,29.4,11.1,3.0,sun,0,0,0,0,1
852,2014-05-02,0.0,18.3,10.6,4.7,sun,0,0,0,0,1
853,2014-05-03,33.3,15.0,8.9,3.4,rain,0,0,1,0,0
854,2014-05-04,16.0,14.4,8.9,4.2,rain,0,0,1,0,0
855,2014-05-05,5.1,15.6,9.4,3.8,rain,0,0,1,0,0
856,2014-05-06,0.0,16.7,8.3,2.6,sun,0,0,0,0,1
857,2014-05-07,0.0,18.3,7.2,1.7,sun,0,0,0,0,1
858,2014-05-08,13.7,13.9,9.4,3.4,rain,0,0,1,0,0
859,2014-05-09,2.0,13.3,7.2,5.6,rain,0,0,1,0,0
860,2014-05-10,0.5,15.6,7.2,2.1,rain,0,0,1,0,0
861,2014-05-11,0.0,18.9,8.3,1.7,sun,0,0,0,0,1
862,2014-05-12,0.0,24.4,9.4,2.7,sun,0,0,0,0,1
863,2014-05-13,0.0,26.7,12.8,3.8,sun,0,0,0,0,1
864,2014-05-14,0.0,27.8,13.3,3.3,sun,0,0,0,0,1
865,2014-05-15,0.0,26.7,12.8,3.0,sun,0,0,0,0,1
866,2014-05-16,0.0,20.0,11.7,4.1,sun,0,0,0,0,1
867,2014-05-17,0.0,20.0,11.7,3.2,sun,0,0,0,0,1
868,2014-05-18,0.0,20.0,10.6,3.2,sun,0,0,0,0,1
869,2014-05-19,0.0,21.1,10.0,2.2,sun,0,0,0,0,1
870,2014-05-20,0.0,22.2,10.0,2.7,sun,0,0,0,0,1
871,2014-05-21,0.0,20.0,10.6,1.7,sun,0,0,0,0,1
872,2014-05-22,0.0,24.4,11.7,2.5,sun,0,0,0,0,1
873,2014-05-23,3.8,20.0,12.8,4.0,rain,0,0,1,0,0
874,2014-05-24,0.0,18.3,11.1,2.4,sun,0,0,0,0,1
875,2014-05-25,5.6,15.0,10.6,1.4,rain,0,0,1,0,0
876,2014-05-26,0.0,18.3,11.1,4.5,sun,0,0,0,0,1
877,2014-05-27,0.0,20.0,10.0,2.5,sun,0,0,0,0,1
878,2014-05-28,0.0,18.9,10.0,3.4,sun,0,0,0,0,1
879,2014-05-29,0.0,18.9,11.1,4.3,sun,0,0,0,0,1
880,2014-05-30,0.0,20.6,8.9,4.5,sun,0,0,0,0,1
881,2014-05-31,0.0,23.3,10.0,2.2,sun,0,0,0,0,1
882,2014-06-01,0.0,22.2,10.6,2.3,sun,0,0,0,0,1
883,2014-06-02,0.0,23.3,11.1,2.4,sun,0,0,0,0,1
884,2014-06-03,0.0,18.3,11.1,3.2,sun,0,0,0,0,1
885,2014-06-04,0.0,19.4,10.0,2.6,sun,0,0,0,0,1
886,2014-06-05,0.0,22.2,10.0,2.4,sun,0,0,0,0,1
887,2014-06-06,0.0,25.0,10.6,3.2,sun,0,0,0,0,1
888,2014-06-07,0.0,24.4,13.3,3.1,sun,0,0,0,0,1
889,2014-06-08,0.0,23.3,12.2,2.1,sun,0,0,0,0,1
890,2014-06-09,0.0,21.1,13.3,3.6,sun,0,0,0,0,1
891,2014-06-10,0.0,20.0,12.2,2.9,sun,0,0,0,0,1
892,2014-06-11,0.0,23.9,11.1,2.7,sun,0,0,0,0,1
893,2014-06-12,1.8,21.7,12.2,4.0,rain,0,0,1,0,0
894,2014-06-13,6.4,15.6,11.1,5.0,rain,0,0,1,0,0
895,2014-06-14,0.0,17.8,11.7,3.2,sun,0,0,0,0,1
896,2014-06-15,0.5,18.3,10.0,3.6,rain,0,0,1,0,0
897,2014-06-16,3.6,17.8,8.9,2.4,rain,0,0,1,0,0
898,2014-06-17,1.3,17.8,10.0,3.0,rain,0,0,1,0,0
899,2014-06-18,0.0,18.9,11.1,2.7,sun,0,0,0,0,1
900,2014-06-19,0.8,25.6,11.7,3.7,rain,0,0,1,0,0
901,2014-06-20,0.3,20.0,10.0,3.4,rain,0,0,1,0,0
902,2014-06-21,0.0,22.2,10.6,3.6,sun,0,0,0,0,1
903,2014-06-22,0.0,25.0,11.1,2.7,sun,0,0,0,0,1
904,2014-06-23,0.0,25.0,13.3,2.5,sun,0,0,0,0,1
905,2014-06-24,0.0,24.4,14.4,2.5,sun,0,0,0,0,1
906,2014-06-25,0.0,26.1,13.9,2.4,sun,0,0,0,0,1
907,2014-06-26,0.0,21.1,14.4,4.1,sun,0,0,0,0,1
908,2014-06-27,1.8,21.1,13.9,4.5,rain,0,0,1,0,0
909,2014-06-28,2.3,20.0,13.3,4.3,rain,0,0,1,0,0
910,2014-06-29,0.0,20.6,12.8,3.2,sun,0,0,0,0,1
911,2014-06-30,0.0,25.6,12.8,4.4,sun,0,0,0,0,1
912,2014-07-01,0.0,34.4,15.6,3.5,sun,0,0,0,0,1
913,2014-07-02,0.0,27.2,14.4,3.6,sun,0,0,0,0,1
914,2014-07-03,0.0,21.7,13.9,3.1,sun,0,0,0,0,1
915,2014-07-04,0.0,23.9,13.9,3.6,sun,0,0,0,0,1
916,2014-07-05,0.0,24.4,13.3,2.2,fog,0,1,0,0,0
917,2014-07-06,0.0,28.9,15.0,3.0,sun,0,0,0,0,1
918,2014-07-07,0.0,27.2,17.8,4.1,fog,0,1,0,0,0
919,2014-07-08,0.0,30.0,15.6,3.5,sun,0,0,0,0,1
920,2014-07-09,0.0,26.7,13.9,2.3,sun,0,0,0,0,1
921,2014-07-10,0.0,28.9,12.8,2.2,fog,0,1,0,0,0
922,2014-07-11,0.0,31.1,15.0,2.2,sun,0,0,0,0,1
923,2014-07-12,0.0,32.2,16.7,2.2,sun,0,0,0,0,1
924,2014-07-13,0.0,29.4,15.0,2.6,sun,0,0,0,0,1
925,2014-07-14,0.0,27.8,15.0,2.8,sun,0,0,0,0,1
926,2014-07-15,0.0,31.1,13.9,2.3,sun,0,0,0,0,1
927,2014-07-16,0.0,31.1,14.4,2.4,sun,0,0,0,0,1
928,2014-07-17,0.0,26.7,13.9,3.7,sun,0,0,0,0,1
929,2014-07-18,0.0,23.9,11.7,2.8,sun,0,0,0,0,1
930,2014-07-19,0.0,25.6,15.0,5.4,fog,0,1,0,0,0
931,2014-07-20,0.0,19.4,14.4,2.8,sun,0,0,0,0,1
932,2014-07-21,0.0,23.9,13.3,2.2,sun,0,0,0,0,1
933,2014-07-22,0.3,21.1,13.3,1.1,rain,0,0,1,0,0
934,2014-07-23,19.3,18.9,13.3,3.3,rain,0,0,1,0,0
935,2014-07-24,0.0,20.6,12.8,4.7,sun,0,0,0,0,1
936,2014-07-25,0.0,22.8,12.2,2.7,sun,0,0,0,0,1
937,2014-07-26,0.0,26.1,13.3,3.6,sun,0,0,0,0,1
938,2014-07-27,0.0,28.3,15.0,4.1,sun,0,0,0,0,1
939,2014-07-28,0.0,30.6,15.0,3.7,sun,0,0,0,0,1
940,2014-07-29,0.0,30.0,15.6,2.8,sun,0,0,0,0,1
941,2014-07-30,0.0,29.4,14.4,3.4,sun,0,0,0,0,1
942,2014-07-31,0.0,30.6,17.8,4.1,sun,0,0,0,0,1
943,2014-08-01,0.0,28.9,15.0,3.3,sun,0,0,0,0,1
944,2014-08-02,0.5,29.4,15.6,1.7,rain,0,0,1,0,0
945,2014-08-03,0.0,31.7,14.4,2.6,sun,0,0,0,0,1
946,2014-08-04,0.0,32.8,16.1,2.6,sun,0,0,0,0,1
947,2014-08-05,0.0,25.0,13.9,2.7,sun,0,0,0,0,1
948,2014-08-06,0.0,26.1,15.0,2.2,fog,0,1,0,0,0
949,2014-08-07,0.0,25.6,13.3,2.4,fog,0,1,0,0,0
950,2014-08-08,0.0,25.6,13.3,2.9,sun,0,0,0,0,1
951,2014-08-09,0.0,27.2,15.6,4.1,sun,0,0,0,0,1
952,2014-08-10,0.0,30.6,13.9,3.4,sun,0,0,0,0,1
953,2014-08-11,0.5,35.6,17.8,2.6,rain,0,0,1,0,0
954,2014-08-12,12.7,27.2,17.2,3.1,rain,0,0,1,0,0
955,2014-08-13,21.6,23.3,15.0,2.7,rain,0,0,1,0,0
956,2014-08-14,0.0,21.1,17.2,0.6,sun,0,0,0,0,1
957,2014-08-15,1.0,24.4,16.7,1.5,rain,0,0,1,0,0
958,2014-08-16,0.0,25.6,15.6,2.2,sun,0,0,0,0,1
959,2014-08-17,0.0,27.8,15.0,2.8,sun,0,0,0,0,1
960,2014-08-18,0.0,29.4,15.6,3.3,sun,0,0,0,0,1
961,2014-08-19,0.0,27.2,15.6,2.4,sun,0,0,0,0,1
962,2014-08-20,0.0,21.7,13.9,3.6,sun,0,0,0,0,1
963,2014-08-21,0.0,21.1,11.1,1.7,sun,0,0,0,0,1
964,2014-08-22,0.0,23.9,13.3,2.9,sun,0,0,0,0,1
965,2014-08-23,0.0,27.8,13.9,2.0,sun,0,0,0,0,1
966,2014-08-24,0.0,25.0,13.3,2.3,sun,0,0,0,0,1
967,2014-08-25,0.0,28.9,14.4,2.0,sun,0,0,0,0,1
968,2014-08-26,0.0,31.1,15.6,1.8,sun,0,0,0,0,1
969,2014-08-27,0.0,28.9,16.1,1.6,sun,0,0,0,0,1
970,2014-08-28,0.0,23.3,14.4,2.3,sun,0,0,0,0,1
971,2014-08-29,0.0,22.8,15.0,3.4,sun,0,0,0,0,1
972,2014-08-30,8.4,17.8,15.0,2.2,rain,0,0,1,0,0
973,2014-08-31,1.3,21.1,13.9,1.9,rain,0,0,1,0,0
974,2014-09-01,0.0,23.3,12.8,2.5,sun,0,0,0,0,1
975,2014-09-02,3.0,20.0,13.9,4.3,rain,0,0,1,0,0
976,2014-09-03,0.0,20.6,12.8,2.7,sun,0,0,0,0,1
977,2014-09-04,0.0,23.9,11.1,3.1,fog,0,1,0,0,0
978,2014-09-05,0.0,27.8,13.9,6.5,fog,0,1,0,0,0
979,2014-09-06,0.0,32.2,15.0,2.9,sun,0,0,0,0,1
980,2014-09-07,0.0,28.3,13.3,2.1,sun,0,0,0,0,1
981,2014-09-08,0.0,21.1,13.3,2.8,sun,0,0,0,0,1
982,2014-09-09,0.0,21.7,13.3,2.3,sun,0,0,0,0,1
983,2014-09-10,0.0,22.2,12.2,3.9,sun,0,0,0,0,1
984,2014-09-11,0.0,24.4,12.8,5.3,sun,0,0,0,0,1
985,2014-09-12,0.0,24.4,12.8,5.9,sun,0,0,0,0,1
986,2014-09-13,0.0,28.3,10.0,4.2,sun,0,0,0,0,1
987,2014-09-14,0.0,30.0,11.7,1.8,sun,0,0,0,0,1
988,2014-09-15,0.0,30.6,12.2,1.2,sun,0,0,0,0,1
989,2014-09-16,0.0,22.2,13.9,2.8,sun,0,0,0,0,1
990,2014-09-17,0.5,22.8,14.4,2.3,rain,0,0,1,0,0
991,2014-09-18,0.3,19.4,15.0,3.1,rain,0,0,1,0,0
992,2014-09-19,0.0,23.9,16.1,2.8,sun,0,0,0,0,1
993,2014-09-20,0.0,24.4,14.4,4.4,fog,0,1,0,0,0
994,2014-09-21,0.0,26.1,12.8,3.0,sun,0,0,0,0,1
995,2014-09-22,0.3,22.2,15.0,2.1,rain,0,0,1,0,0
996,2014-09-23,18.3,18.9,14.4,2.5,rain,0,0,1,0,0
997,2014-09-24,20.3,18.9,14.4,2.7,rain,0,0,1,0,0
998,2014-09-25,4.3,21.7,14.4,2.5,rain,0,0,1,0,0
999,2014-09-26,8.9,20.0,13.9,3.3,rain,0,0,1,0,0
1000,2014-09-27,0.0,20.6,11.7,3.2,fog,0,1,0,0,0
1001,2014-09-28,0.0,18.9,12.2,2.0,fog,0,1,0,0,0
1002,2014-09-29,0.8,16.7,11.1,3.5,rain,0,0,1,0,0
1003,2014-09-30,0.0,19.4,12.2,2.6,sun,0,0,0,0,1
1004,2014-10-01,0.0,18.3,11.1,2.1,sun,0,0,0,0,1
1005,2014-10-02,0.0,19.4,10.0,2.0,sun,0,0,0,0,1
1006,2014-10-03,0.0,22.2,8.9,1.0,sun,0,0,0,0,1
1007,2014-10-04,0.0,21.7,12.2,1.2,sun,0,0,0,0,1
1008,2014-10-05,0.0,23.9,11.7,1.4,fog,0,1,0,0,0
1009,2014-10-06,0.0,25.6,13.3,2.5,fog,0,1,0,0,0
1010,2014-10-07,0.0,18.9,13.9,1.0,fog,0,1,0,0,0
1011,2014-10-08,0.0,20.6,12.8,1.8,fog,0,1,0,0,0
1012,2014-10-09,0.0,17.2,11.1,1.0,fog,0,1,0,0,0
1013,2014-10-10,0.3,18.3,10.0,3.8,rain,0,0,1,0,0
1014,2014-10-11,7.4,18.3,11.7,3.5,rain,0,0,1,0,0
1015,2014-10-12,0.0,17.8,11.7,2.1,sun,0,0,0,0,1
1016,2014-10-13,7.6,21.1,10.0,3.1,rain,0,0,1,0,0
1017,2014-10-14,7.1,16.7,11.7,2.2,rain,0,0,1,0,0
1018,2014-10-15,8.6,16.1,11.7,4.7,rain,0,0,1,0,0
1019,2014-10-16,0.0,20.6,11.1,3.3,sun,0,0,0,0,1
1020,2014-10-17,3.3,16.7,11.7,3.0,rain,0,0,1,0,0
1021,2014-10-18,15.0,19.4,13.9,1.9,rain,0,0,1,0,0
1022,2014-10-19,0.0,22.2,12.8,3.2,sun,0,0,0,0,1
1023,2014-10-20,11.7,16.1,12.2,3.1,rain,0,0,1,0,0
1024,2014-10-21,1.0,16.1,11.7,4.7,rain,0,0,1,0,0
1025,2014-10-22,32.0,15.6,11.7,5.0,rain,0,0,1,0,0
1026,2014-10-23,9.4,14.4,8.3,4.6,rain,0,0,1,0,0
1027,2014-10-24,4.1,14.4,8.9,3.2,rain,0,0,1,0,0
1028,2014-10-25,6.1,16.7,8.3,5.4,rain,0,0,1,0,0
1029,2014-10-26,1.5,12.8,7.8,5.0,rain,0,0,1,0,0
1030,2014-10-27,0.8,15.6,6.7,2.4,rain,0,0,1,0,0
1031,2014-10-28,12.7,15.0,9.4,3.9,rain,0,0,1,0,0
1032,2014-10-29,0.5,16.7,11.7,3.1,rain,0,0,1,0,0
1033,2014-10-30,25.4,15.6,11.1,3.2,rain,0,0,1,0,0
1034,2014-10-31,17.0,12.8,8.3,2.0,rain,0,0,1,0,0
1035,2014-11-01,0.0,11.1,7.2,1.2,fog,0,1,0,0,0
1036,2014-11-02,1.8,13.3,7.2,2.9,rain,0,0,1,0,0
1037,2014-11-03,10.9,13.9,11.1,4.8,rain,0,0,1,0,0
1038,2014-11-04,4.1,14.4,10.6,3.3,rain,0,0,1,0,0
1039,2014-11-05,4.8,15.0,10.6,2.1,rain,0,0,1,0,0
1040,2014-11-06,4.1,16.7,10.6,6.7,rain,0,0,1,0,0
1041,2014-11-07,0.0,14.4,7.2,2.3,sun,0,0,0,0,1
1042,2014-11-08,0.0,12.8,3.9,0.8,fog,0,1,0,0,0
1043,2014-11-09,5.1,13.3,7.8,3.0,rain,0,0,1,0,0
1044,2014-11-10,0.0,11.1,5.6,3.9,sun,0,0,0,0,1
1045,2014-11-11,0.0,7.8,1.1,7.7,sun,0,0,0,0,1
1046,2014-11-12,0.0,6.7,0.0,7.6,sun,0,0,0,0,1
1047,2014-11-13,0.0,7.2,0.6,4.7,sun,0,0,0,0,1
1048,2014-11-14,0.0,7.2,-2.1,4.5,sun,0,0,0,0,1
1049,2014-11-15,0.0,8.3,-1.6,4.2,sun,0,0,0,0,1
1050,2014-11-16,0.0,9.4,-2.1,4.2,sun,0,0,0,0,1
1051,2014-11-17,0.0,10.6,-2.1,1.9,sun,0,0,0,0,1
1052,2014-11-18,0.0,7.2,-0.5,0.9,sun,0,0,0,0,1
1053,2014-11-19,0.0,11.1,2.2,1.9,sun,0,0,0,0,1
1054,2014-11-20,3.6,11.1,5.6,2.1,rain,0,0,1,0,0
1055,2014-11-21,15.2,11.1,8.3,4.7,rain,0,0,1,0,0
1056,2014-11-22,0.5,9.4,6.7,4.7,rain,0,0,1,0,0
1057,2014-11-23,11.9,12.8,5.6,5.1,rain,0,0,1,0,0
1058,2014-11-24,1.3,11.7,4.4,3.8,rain,0,0,1,0,0
1059,2014-11-25,18.3,13.9,9.4,4.5,rain,0,0,1,0,0
1060,2014-11-26,0.3,15.0,12.2,3.9,rain,0,0,1,0,0
1061,2014-11-27,3.3,14.4,11.7,6.6,rain,0,0,1,0,0
1062,2014-11-28,34.3,12.8,3.3,5.8,rain,0,0,1,0,0
1063,2014-11-29,3.6,4.4,-4.3,5.3,snow,0,0,0,1,0
1064,2014-11-30,0.0,2.8,-4.9,4.4,sun,0,0,0,0,1
1065,2014-12-01,0.0,4.4,-3.2,2.2,sun,0,0,0,0,1
1066,2014-12-02,0.0,5.6,-3.2,5.7,fog,0,1,0,0,0
1067,2014-12-03,0.0,10.0,0.0,3.6,sun,0,0,0,0,1
1068,2014-12-04,0.8,8.3,3.9,1.1,rain,0,0,1,0,0
1069,2014-12-05,3.0,12.8,6.7,3.1,rain,0,0,1,0,0
1070,2014-12-06,7.4,11.7,7.8,3.6,rain,0,0,1,0,0
1071,2014-12-07,0.0,14.4,6.1,2.8,sun,0,0,0,0,1
1072,2014-12-08,9.1,14.4,8.9,4.2,rain,0,0,1,0,0
1073,2014-12-09,9.9,16.1,10.6,5.1,rain,0,0,1,0,0
1074,2014-12-10,13.0,18.9,10.0,6.7,rain,0,0,1,0,0
1075,2014-12-11,6.9,14.4,8.3,6.4,rain,0,0,1,0,0
1076,2014-12-12,0.0,11.1,7.2,3.7,sun,0,0,0,0,1
1077,2014-12-13,0.0,10.0,3.9,1.1,fog,0,1,0,0,0
1078,2014-12-14,0.0,12.8,1.7,3.5,fog,0,1,0,0,0
1079,2014-12-15,0.0,12.2,6.7,5.9,sun,0,0,0,0,1
1080,2014-12-16,0.0,10.0,8.3,4.0,sun,0,0,0,0,1
1081,2014-12-17,2.8,8.9,6.1,1.6,rain,0,0,1,0,0
1082,2014-12-18,13.0,9.4,6.7,3.1,rain,0,0,1,0,0
1083,2014-12-19,3.0,11.1,7.2,4.3,rain,0,0,1,0,0
1084,2014-12-20,19.6,12.8,6.7,5.5,rain,0,0,1,0,0
1085,2014-12-21,0.0,12.8,10.0,5.2,sun,0,0,0,0,1
1086,2014-12-22,0.0,10.6,6.1,1.5,sun,0,0,0,0,1
1087,2014-12-23,20.6,12.2,5.0,3.8,rain,0,0,1,0,0
1088,2014-12-24,5.3,7.2,3.9,1.8,rain,0,0,1,0,0
1089,2014-12-25,0.0,7.8,2.8,2.2,fog,0,1,0,0,0
1090,2014-12-26,0.0,5.6,1.7,1.2,fog,0,1,0,0,0
1091,2014-12-27,3.3,9.4,4.4,4.9,rain,0,0,1,0,0
1092,2014-12-28,4.1,6.7,2.8,1.8,rain,0,0,1,0,0
1093,2014-12-29,0.0,6.1,0.6,4.3,fog,0,1,0,0,0
1094,2014-12-30,0.0,3.3,-2.1,3.6,sun,0,0,0,0,1
1095,2014-12-31,0.0,3.3,-2.7,3.0,sun,0,0,0,0,1
1096,2015-01-01,0.0,5.6,-3.2,1.2,sun,0,0,0,0,1
1097,2015-01-02,1.5,5.6,0.0,2.3,rain,0,0,1,0,0
1098,2015-01-03,0.0,5.0,1.7,1.7,fog,0,1,0,0,0
1099,2015-01-04,10.2,10.6,3.3,4.5,rain,0,0,1,0,0
1100,2015-01-05,8.1,12.2,9.4,6.4,rain,0,0,1,0,0
1101,2015-01-06,0.0,12.2,6.1,1.3,fog,0,1,0,0,0
1102,2015-01-07,0.0,7.8,5.6,1.6,fog,0,1,0,0,0
1103,2015-01-08,0.0,7.8,1.7,2.6,fog,0,1,0,0,0
1104,2015-01-09,0.3,10.0,3.3,0.6,rain,0,0,1,0,0
1105,2015-01-10,5.8,7.8,6.1,0.5,rain,0,0,1,0,0
1106,2015-01-11,1.5,9.4,7.2,1.1,rain,0,0,1,0,0
1107,2015-01-12,0.0,11.1,4.4,1.6,fog,0,1,0,0,0
1108,2015-01-13,0.0,9.4,2.8,2.7,fog,0,1,0,0,0
1109,2015-01-14,0.0,6.1,0.6,2.8,fog,0,1,0,0,0
1110,2015-01-15,9.7,7.8,1.1,3.2,rain,0,0,1,0,0
1111,2015-01-16,0.0,11.7,5.6,4.5,fog,0,1,0,0,0
1112,2015-01-17,26.2,13.3,3.3,2.8,rain,0,0,1,0,0
1113,2015-01-18,21.3,13.9,7.2,6.6,rain,0,0,1,0,0
1114,2015-01-19,0.5,10.0,6.1,2.8,rain,0,0,1,0,0
1115,2015-01-20,0.0,10.0,3.3,3.0,fog,0,1,0,0,0
1116,2015-01-21,0.0,7.2,-0.5,1.3,fog,0,1,0,0,0
1117,2015-01-22,0.8,9.4,6.1,1.3,rain,0,0,1,0,0
1118,2015-01-23,5.8,12.2,8.3,2.6,rain,0,0,1,0,0
1119,2015-01-24,0.5,14.4,11.1,3.3,rain,0,0,1,0,0
1120,2015-01-25,0.0,17.2,7.2,1.4,fog,0,1,0,0,0
1121,2015-01-26,0.0,16.1,6.1,2.2,fog,0,1,0,0,0
1122,2015-01-27,0.8,11.1,8.3,2.0,rain,0,0,1,0,0
1123,2015-01-28,0.0,12.2,5.0,1.8,fog,0,1,0,0,0
1124,2015-01-29,0.0,12.2,3.3,2.9,sun,0,0,0,0,1
1125,2015-01-30,0.0,8.3,1.1,0.8,fog,0,1,0,0,0
1126,2015-01-31,0.0,7.2,3.3,1.9,fog,0,1,0,0,0
1127,2015-02-01,1.5,9.4,4.4,2.6,rain,0,0,1,0,0
1128,2015-02-02,7.4,11.1,5.0,4.0,rain,0,0,1,0,0
1129,2015-02-03,1.3,10.0,5.6,1.9,rain,0,0,1,0,0
1130,2015-02-04,8.4,10.6,4.4,1.7,rain,0,0,1,0,0
1131,2015-02-05,26.2,13.3,8.3,4.6,rain,0,0,1,0,0
1132,2015-02-06,17.3,14.4,10.0,4.5,rain,0,0,1,0,0
1133,2015-02-07,23.6,12.2,9.4,4.6,rain,0,0,1,0,0
1134,2015-02-08,3.6,15.0,8.3,3.9,rain,0,0,1,0,0
1135,2015-02-09,6.1,13.3,8.3,2.5,rain,0,0,1,0,0
1136,2015-02-10,0.3,12.8,8.3,4.0,rain,0,0,1,0,0
1137,2015-02-11,0.0,12.8,5.6,1.0,fog,0,1,0,0,0
1138,2015-02-12,1.0,16.7,9.4,2.1,rain,0,0,1,0,0
1139,2015-02-13,0.0,15.6,6.7,1.7,fog,0,1,0,0,0
1140,2015-02-14,0.3,14.4,6.7,2.9,rain,0,0,1,0,0
1141,2015-02-15,0.0,12.2,3.9,4.8,sun,0,0,0,0,1
1142,2015-02-16,0.0,15.0,5.6,6.6,fog,0,1,0,0,0
1143,2015-02-17,0.0,16.1,4.4,4.0,sun,0,0,0,0,1
1144,2015-02-18,0.0,12.2,4.4,2.6,sun,0,0,0,0,1
1145,2015-02-19,4.6,10.6,8.3,2.2,rain,0,0,1,0,0
1146,2015-02-20,0.8,11.1,7.2,0.9,rain,0,0,1,0,0
1147,2015-02-21,0.0,12.2,5.6,4.5,sun,0,0,0,0,1
1148,2015-02-22,0.0,11.7,3.3,4.2,sun,0,0,0,0,1
1149,2015-02-23,0.0,12.8,0.6,1.4,sun,0,0,0,0,1
1150,2015-02-24,0.0,11.1,2.2,1.5,sun,0,0,0,0,1
1151,2015-02-25,4.1,10.0,6.7,1.0,rain,0,0,1,0,0
1152,2015-02-26,9.4,11.7,7.8,1.4,rain,0,0,1,0,0
1153,2015-02-27,18.3,10.0,6.7,4.0,rain,0,0,1,0,0
1154,2015-02-28,0.0,12.2,3.3,5.1,sun,0,0,0,0,1
1155,2015-03-01,0.0,11.1,1.1,2.2,sun,0,0,0,0,1
1156,2015-03-02,0.0,11.1,4.4,4.8,sun,0,0,0,0,1
1157,2015-03-03,0.0,10.6,0.0,2.1,sun,0,0,0,0,1
1158,2015-03-04,0.0,12.8,-0.5,1.8,sun,0,0,0,0,1
1159,2015-03-05,0.0,13.3,2.8,1.3,sun,0,0,0,0,1
1160,2015-03-06,0.0,15.0,3.3,1.4,sun,0,0,0,0,1
1161,2015-03-07,0.0,16.7,3.9,2.7,fog,0,1,0,0,0
1162,2015-03-08,0.0,17.2,3.9,1.7,fog,0,1,0,0,0
1163,2015-03-09,0.0,14.4,4.4,1.8,fog,0,1,0,0,0
1164,2015-03-10,0.8,13.3,5.0,2.6,rain,0,0,1,0,0
1165,2015-03-11,2.5,14.4,8.9,3.1,rain,0,0,1,0,0
1166,2015-03-12,0.0,17.8,9.4,3.2,sun,0,0,0,0,1
1167,2015-03-13,2.0,17.2,7.8,2.2,rain,0,0,1,0,0
1168,2015-03-14,17.0,13.9,9.4,3.8,rain,0,0,1,0,0
1169,2015-03-15,55.9,10.6,6.1,4.2,rain,0,0,1,0,0
1170,2015-03-16,1.0,13.9,6.1,3.0,rain,0,0,1,0,0
1171,2015-03-17,0.8,13.3,4.4,2.6,rain,0,0,1,0,0
1172,2015-03-18,0.0,15.6,7.2,2.5,sun,0,0,0,0,1
1173,2015-03-19,0.0,15.6,8.3,1.9,sun,0,0,0,0,1
1174,2015-03-20,4.1,13.9,8.9,1.9,rain,0,0,1,0,0
1175,2015-03-21,3.8,13.3,8.3,4.7,rain,0,0,1,0,0
1176,2015-03-22,1.0,11.7,6.1,2.3,rain,0,0,1,0,0
1177,2015-03-23,8.1,11.1,5.6,2.8,rain,0,0,1,0,0
1178,2015-03-24,7.6,12.8,6.1,3.9,rain,0,0,1,0,0
1179,2015-03-25,5.1,14.4,7.2,4.4,rain,0,0,1,0,0
1180,2015-03-26,0.0,20.6,10.0,2.2,sun,0,0,0,0,1
1181,2015-03-27,1.0,18.3,8.9,4.0,rain,0,0,1,0,0
1182,2015-03-28,0.0,15.6,9.4,5.7,sun,0,0,0,0,1
1183,2015-03-29,0.0,15.6,8.9,3.0,sun,0,0,0,0,1
1184,2015-03-30,1.8,17.8,10.6,2.9,rain,0,0,1,0,0
1185,2015-03-31,1.0,12.8,6.1,4.2,rain,0,0,1,0,0
1186,2015-04-01,5.1,12.8,5.6,3.2,rain,0,0,1,0,0
1187,2015-04-02,0.0,13.3,5.6,2.4,sun,0,0,0,0,1
1188,2015-04-03,1.5,11.1,5.0,3.6,rain,0,0,1,0,0
1189,2015-04-04,0.0,12.8,3.9,1.7,sun,0,0,0,0,1
1190,2015-04-05,0.0,16.7,2.8,2.4,sun,0,0,0,0,1
1191,2015-04-06,1.0,13.9,6.7,3.5,rain,0,0,1,0,0
1192,2015-04-07,0.5,14.4,6.7,3.9,rain,0,0,1,0,0
1193,2015-04-08,0.0,17.2,6.1,1.7,sun,0,0,0,0,1
1194,2015-04-09,0.0,17.2,6.1,2.3,sun,0,0,0,0,1
1195,2015-04-10,10.9,13.9,7.8,4.6,rain,0,0,1,0,0
1196,2015-04-11,0.0,11.7,5.6,6.5,sun,0,0,0,0,1
1197,2015-04-12,0.0,13.3,5.6,3.6,sun,0,0,0,0,1
1198,2015-04-13,14.0,11.7,3.9,3.6,rain,0,0,1,0,0
1199,2015-04-14,3.3,11.7,2.8,3.3,rain,0,0,1,0,0
1200,2015-04-15,0.0,13.9,3.3,2.4,sun,0,0,0,0,1
1201,2015-04-16,0.0,17.8,3.9,3.1,sun,0,0,0,0,1
1202,2015-04-17,0.0,18.9,6.1,3.6,sun,0,0,0,0,1
1203,2015-04-18,0.0,18.9,8.3,3.9,sun,0,0,0,0,1
1204,2015-04-19,0.0,21.1,8.3,3.6,sun,0,0,0,0,1
1205,2015-04-20,0.0,22.8,7.8,2.6,sun,0,0,0,0,1
1206,2015-04-21,5.6,17.2,6.7,3.4,rain,0,0,1,0,0
1207,2015-04-22,0.0,15.6,5.0,2.3,sun,0,0,0,0,1
1208,2015-04-23,3.0,12.2,6.7,4.1,rain,0,0,1,0,0
1209,2015-04-24,3.3,12.2,6.1,5.0,rain,0,0,1,0,0
1210,2015-04-25,1.3,13.3,5.6,3.0,rain,0,0,1,0,0
1211,2015-04-26,0.0,15.6,4.4,2.7,fog,0,1,0,0,0
1212,2015-04-27,0.3,25.0,10.6,2.3,rain,0,0,1,0,0
1213,2015-04-28,1.8,15.6,8.9,4.3,rain,0,0,1,0,0
1214,2015-04-29,0.0,16.1,7.2,4.7,sun,0,0,0,0,1
1215,2015-04-30,0.0,17.2,7.8,2.1,sun,0,0,0,0,1
1216,2015-05-01,0.0,18.3,8.9,3.7,sun,0,0,0,0,1
1217,2015-05-02,0.0,18.3,7.8,3.7,sun,0,0,0,0,1
1218,2015-05-03,0.0,20.6,7.8,2.6,sun,0,0,0,0,1
1219,2015-05-04,0.0,17.2,7.2,5.2,sun,0,0,0,0,1
1220,2015-05-05,6.1,14.4,7.2,5.1,rain,0,0,1,0,0
1221,2015-05-06,0.0,16.7,7.2,2.6,fog,0,1,0,0,0
1222,2015-05-07,0.0,20.6,6.1,3.0,sun,0,0,0,0,1
1223,2015-05-08,0.0,23.9,8.3,3.0,sun,0,0,0,0,1
1224,2015-05-09,0.0,26.7,9.4,2.6,sun,0,0,0,0,1
1225,2015-05-10,0.0,19.4,11.1,2.8,sun,0,0,0,0,1
1226,2015-05-11,0.0,13.9,10.0,2.5,fog,0,1,0,0,0
1227,2015-05-12,4.3,15.6,10.6,3.3,rain,0,0,1,0,0
1228,2015-05-13,4.1,12.2,10.0,2.8,rain,0,0,1,0,0
1229,2015-05-14,0.3,17.8,9.4,2.0,rain,0,0,1,0,0
1230,2015-05-15,0.0,20.0,9.4,2.8,fog,0,1,0,0,0
1231,2015-05-16,0.0,15.6,11.1,3.0,sun,0,0,0,0,1
1232,2015-05-17,0.0,19.4,10.6,2.1,sun,0,0,0,0,1
1233,2015-05-18,0.0,25.6,12.2,3.0,sun,0,0,0,0,1
1234,2015-05-19,0.0,21.7,11.7,2.6,sun,0,0,0,0,1
1235,2015-05-20,0.0,23.3,10.6,1.8,fog,0,1,0,0,0
1236,2015-05-21,0.0,25.6,11.7,2.1,sun,0,0,0,0,1
1237,2015-05-22,0.0,16.7,11.7,3.7,sun,0,0,0,0,1
1238,2015-05-23,0.0,16.1,11.7,2.6,sun,0,0,0,0,1
1239,2015-05-24,0.0,17.8,11.1,2.7,sun,0,0,0,0,1
1240,2015-05-25,0.0,15.6,11.1,2.7,sun,0,0,0,0,1
1241,2015-05-26,0.0,21.7,11.7,2.1,sun,0,0,0,0,1
1242,2015-05-27,0.0,24.4,11.7,1.8,sun,0,0,0,0,1
1243,2015-05-28,0.0,27.8,12.2,2.1,sun,0,0,0,0,1
1244,2015-05-29,0.0,26.1,12.8,2.5,sun,0,0,0,0,1
1245,2015-05-30,0.0,22.8,10.0,2.5,sun,0,0,0,0,1
1246,2015-05-31,0.0,25.0,11.7,2.2,sun,0,0,0,0,1
1247,2015-06-01,4.6,16.1,11.7,3.4,rain,0,0,1,0,0
1248,2015-06-02,0.5,17.8,12.8,5.0,rain,0,0,1,0,0
1249,2015-06-03,0.0,20.0,11.7,3.0,sun,0,0,0,0,1
1250,2015-06-04,0.0,22.8,11.7,3.9,sun,0,0,0,0,1
1251,2015-06-05,0.0,26.7,12.8,4.3,sun,0,0,0,0,1
1252,2015-06-06,0.0,29.4,13.3,2.6,sun,0,0,0,0,1
1253,2015-06-07,0.0,31.1,15.6,3.2,sun,0,0,0,0,1
1254,2015-06-08,0.0,30.6,14.4,3.5,sun,0,0,0,0,1
1255,2015-06-09,0.0,28.9,14.4,2.7,sun,0,0,0,0,1
1256,2015-06-10,0.0,25.6,11.1,3.0,sun,0,0,0,0,1
1257,2015-06-11,0.0,24.4,11.1,3.5,sun,0,0,0,0,1
1258,2015-06-12,0.0,20.0,11.7,2.3,sun,0,0,0,0,1
1259,2015-06-13,0.0,23.9,9.4,2.6,sun,0,0,0,0,1
1260,2015-06-14,0.0,27.8,11.7,3.7,sun,0,0,0,0,1
1261,2015-06-15,0.0,30.0,16.1,3.5,drizzle,1,0,0,0,0
1262,2015-06-16,0.0,22.8,11.1,3.0,sun,0,0,0,0,1
1263,2015-06-17,0.0,25.0,11.1,3.1,sun,0,0,0,0,1
1264,2015-06-18,0.0,24.4,13.9,3.0,sun,0,0,0,0,1
1265,2015-06-19,0.5,23.9,13.3,3.2,rain,0,0,1,0,0
1266,2015-06-20,0.0,25.0,12.8,4.3,sun,0,0,0,0,1
1267,2015-06-21,0.0,25.6,13.9,3.4,sun,0,0,0,0,1
1268,2015-06-22,0.0,25.0,12.8,2.4,sun,0,0,0,0,1
1269,2015-06-23,0.0,26.1,11.7,2.4,sun,0,0,0,0,1
1270,2015-06-24,0.0,25.6,16.1,2.6,sun,0,0,0,0,1
1271,2015-06-25,0.0,30.6,15.6,3.0,sun,0,0,0,0,1
1272,2015-06-26,0.0,31.7,17.8,4.7,sun,0,0,0,0,1
1273,2015-06-27,0.0,33.3,17.2,3.9,sun,0,0,0,0,1
1274,2015-06-28,0.3,28.3,18.3,2.1,rain,0,0,1,0,0
1275,2015-06-29,0.0,28.9,17.2,2.7,sun,0,0,0,0,1
1276,2015-06-30,0.0,30.6,15.0,3.4,fog,0,1,0,0,0
1277,2015-07-01,0.0,32.2,17.2,4.3,sun,0,0,0,0,1
1278,2015-07-02,0.0,33.9,17.8,3.4,sun,0,0,0,0,1
1279,2015-07-03,0.0,33.3,17.8,2.6,sun,0,0,0,0,1
1280,2015-07-04,0.0,33.3,15.0,2.9,sun,0,0,0,0,1
1281,2015-07-05,0.0,32.8,16.7,2.1,sun,0,0,0,0,1
1282,2015-07-06,0.0,29.4,15.6,3.2,drizzle,1,0,0,0,0
1283,2015-07-07,0.0,27.2,13.9,2.4,sun,0,0,0,0,1
1284,2015-07-08,0.0,30.0,14.4,1.9,drizzle,1,0,0,0,0
1285,2015-07-09,0.0,28.9,14.4,3.4,sun,0,0,0,0,1
1286,2015-07-10,0.0,21.1,16.7,3.7,sun,0,0,0,0,1
1287,2015-07-11,0.0,22.2,16.7,3.0,sun,0,0,0,0,1
1288,2015-07-12,0.0,26.1,16.7,2.2,sun,0,0,0,0,1
1289,2015-07-13,0.0,25.6,16.1,3.1,sun,0,0,0,0,1
1290,2015-07-14,0.0,27.8,16.1,3.3,sun,0,0,0,0,1
1291,2015-07-15,0.0,26.1,14.4,3.2,sun,0,0,0,0,1
1292,2015-07-16,0.0,26.1,15.0,2.8,sun,0,0,0,0,1
1293,2015-07-17,0.0,27.8,13.9,3.3,sun,0,0,0,0,1
1294,2015-07-18,0.0,33.3,17.8,3.4,sun,0,0,0,0,1
1295,2015-07-19,0.0,35.0,17.2,3.3,sun,0,0,0,0,1
1296,2015-07-20,0.0,26.7,16.7,3.9,sun,0,0,0,0,1
1297,2015-07-21,0.0,23.9,15.0,2.4,sun,0,0,0,0,1
1298,2015-07-22,0.0,23.9,13.9,2.8,sun,0,0,0,0,1
1299,2015-07-23,0.0,26.1,14.4,1.9,sun,0,0,0,0,1
1300,2015-07-24,0.3,22.8,13.3,3.8,rain,0,0,1,0,0
1301,2015-07-25,0.0,21.1,14.4,2.4,fog,0,1,0,0,0
1302,2015-07-26,2.0,22.2,13.9,2.6,rain,0,0,1,0,0
1303,2015-07-27,0.0,23.3,12.2,1.9,fog,0,1,0,0,0
1304,2015-07-28,0.0,27.8,13.9,3.4,sun,0,0,0,0,1
1305,2015-07-29,0.0,32.2,14.4,3.8,sun,0,0,0,0,1
1306,2015-07-30,0.0,34.4,17.2,3.5,sun,0,0,0,0,1
1307,2015-07-31,0.0,34.4,17.8,2.6,sun,0,0,0,0,1
1308,2015-08-01,0.0,33.3,15.6,3.1,sun,0,0,0,0,1
1309,2015-08-02,0.0,30.6,16.1,2.0,sun,0,0,0,0,1
1310,2015-08-03,0.0,28.3,17.2,2.3,sun,0,0,0,0,1
1311,2015-08-04,0.0,26.1,14.4,2.6,fog,0,1,0,0,0
1312,2015-08-05,0.0,23.3,12.2,3.5,sun,0,0,0,0,1
1313,2015-08-06,0.0,25.0,15.0,2.9,sun,0,0,0,0,1
1314,2015-08-07,0.0,28.3,15.6,3.7,sun,0,0,0,0,1
1315,2015-08-08,0.0,25.0,15.6,3.6,fog,0,1,0,0,0
1316,2015-08-09,0.0,28.3,15.0,2.2,sun,0,0,0,0,1
1317,2015-08-10,0.0,28.9,16.1,2.4,sun,0,0,0,0,1
1318,2015-08-11,0.0,30.0,16.7,4.4,sun,0,0,0,0,1
1319,2015-08-12,7.6,28.3,16.7,2.7,rain,0,0,1,0,0
1320,2015-08-13,0.0,28.3,15.6,2.2,sun,0,0,0,0,1
1321,2015-08-14,30.5,18.3,15.0,5.2,rain,0,0,1,0,0
1322,2015-08-15,0.0,21.7,13.9,3.7,sun,0,0,0,0,1
1323,2015-08-16,0.0,25.0,14.4,3.7,sun,0,0,0,0,1
1324,2015-08-17,0.0,27.2,13.9,3.0,sun,0,0,0,0,1
1325,2015-08-18,0.0,30.0,15.0,3.0,sun,0,0,0,0,1
1326,2015-08-19,0.0,31.7,16.1,2.1,drizzle,1,0,0,0,0
1327,2015-08-20,2.0,22.8,14.4,4.2,rain,0,0,1,0,0
1328,2015-08-21,0.0,22.2,14.4,2.6,sun,0,0,0,0,1
1329,2015-08-22,0.0,26.7,12.2,2.5,drizzle,1,0,0,0,0
1330,2015-08-23,0.0,27.8,13.9,1.8,drizzle,1,0,0,0,0
1331,2015-08-24,0.0,23.9,12.2,2.3,sun,0,0,0,0,1
1332,2015-08-25,0.0,25.6,12.2,3.4,sun,0,0,0,0,1
1333,2015-08-26,0.0,28.3,13.9,1.7,sun,0,0,0,0,1
1334,2015-08-27,0.0,29.4,14.4,2.1,sun,0,0,0,0,1
1335,2015-08-28,0.5,23.3,15.6,2.6,rain,0,0,1,0,0
1336,2015-08-29,32.5,22.2,13.3,5.8,rain,0,0,1,0,0
1337,2015-08-30,10.2,20.0,12.8,4.7,rain,0,0,1,0,0
1338,2015-08-31,0.0,18.9,16.1,5.8,sun,0,0,0,0,1
1339,2015-09-01,5.8,19.4,13.9,5.0,rain,0,0,1,0,0
1340,2015-09-02,0.0,19.4,11.1,3.8,sun,0,0,0,0,1
1341,2015-09-03,0.0,18.3,10.6,2.9,sun,0,0,0,0,1
1342,2015-09-04,0.0,18.3,10.0,2.9,sun,0,0,0,0,1
1343,2015-09-05,0.3,20.6,8.9,3.5,rain,0,0,1,0,0
1344,2015-09-06,5.3,16.1,11.7,2.4,rain,0,0,1,0,0
1345,2015-09-07,0.3,21.1,13.3,1.5,rain,0,0,1,0,0
1346,2015-09-08,0.0,22.8,13.3,2.4,sun,0,0,0,0,1
1347,2015-09-09,0.0,24.4,13.9,3.3,sun,0,0,0,0,1
1348,2015-09-10,0.0,25.0,14.4,3.6,fog,0,1,0,0,0
1349,2015-09-11,0.0,27.2,15.0,3.1,sun,0,0,0,0,1
1350,2015-09-12,0.0,26.7,14.4,2.1,sun,0,0,0,0,1
1351,2015-09-13,0.5,20.6,12.8,3.0,rain,0,0,1,0,0
1352,2015-09-14,0.0,16.7,10.6,3.4,sun,0,0,0,0,1
1353,2015-09-15,0.0,17.8,10.0,2.8,sun,0,0,0,0,1
1354,2015-09-16,1.0,20.0,10.0,1.9,rain,0,0,1,0,0
1355,2015-09-17,1.8,18.3,12.8,3.8,rain,0,0,1,0,0
1356,2015-09-18,0.0,19.4,12.8,2.6,sun,0,0,0,0,1
1357,2015-09-19,0.0,21.1,14.4,4.3,sun,0,0,0,0,1
1358,2015-09-20,4.1,22.8,12.2,6.8,rain,0,0,1,0,0
1359,2015-09-21,0.0,18.3,9.4,2.7,fog,0,1,0,0,0
1360,2015-09-22,0.0,18.9,7.8,2.0,sun,0,0,0,0,1
1361,2015-09-23,0.0,20.6,8.3,1.8,sun,0,0,0,0,1
1362,2015-09-24,0.0,22.2,11.1,2.5,fog,0,1,0,0,0
1363,2015-09-25,2.0,15.6,12.8,2.6,rain,0,0,1,0,0
1364,2015-09-26,0.0,18.3,10.0,2.7,sun,0,0,0,0,1
1365,2015-09-27,0.0,17.8,7.2,3.8,sun,0,0,0,0,1
1366,2015-09-28,0.0,21.1,9.4,5.1,sun,0,0,0,0,1
1367,2015-09-29,0.0,21.7,8.9,1.9,sun,0,0,0,0,1
1368,2015-09-30,0.0,18.3,10.0,1.3,fog,0,1,0,0,0
1369,2015-10-01,0.0,21.1,9.4,1.3,fog,0,1,0,0,0
1370,2015-10-02,0.0,15.6,10.0,2.9,fog,0,1,0,0,0
1371,2015-10-03,0.0,19.4,11.1,4.8,sun,0,0,0,0,1
1372,2015-10-04,0.0,22.8,10.0,3.7,sun,0,0,0,0,1
1373,2015-10-05,0.0,23.3,9.4,1.6,sun,0,0,0,0,1
1374,2015-10-06,0.0,18.3,10.0,2.6,drizzle,1,0,0,0,0
1375,2015-10-07,9.9,16.1,13.9,2.2,rain,0,0,1,0,0
1376,2015-10-08,0.0,18.9,13.3,1.1,fog,0,1,0,0,0
1377,2015-10-09,0.3,19.4,12.2,2.6,rain,0,0,1,0,0
1378,2015-10-10,28.7,21.1,13.3,4.7,rain,0,0,1,0,0
1379,2015-10-11,0.0,17.8,10.6,2.6,sun,0,0,0,0,1
1380,2015-10-12,4.6,18.3,10.6,2.8,rain,0,0,1,0,0
1381,2015-10-13,1.3,16.7,9.4,3.2,rain,0,0,1,0,0
1382,2015-10-14,0.0,15.0,10.0,5.0,fog,0,1,0,0,0
1383,2015-10-15,0.0,21.1,9.4,3.4,fog,0,1,0,0,0
1384,2015-10-16,0.0,20.0,8.9,1.3,sun,0,0,0,0,1
1385,2015-10-17,0.3,19.4,11.7,1.3,rain,0,0,1,0,0
1386,2015-10-18,3.8,15.0,12.8,2.0,rain,0,0,1,0,0
1387,2015-10-19,0.3,17.2,12.2,2.6,rain,0,0,1,0,0
1388,2015-10-20,0.0,17.8,10.6,1.8,fog,0,1,0,0,0
1389,2015-10-21,0.0,16.1,8.3,1.3,fog,0,1,0,0,0
1390,2015-10-22,0.0,16.1,8.9,2.7,fog,0,1,0,0,0
1391,2015-10-23,0.0,12.8,7.2,2.6,fog,0,1,0,0,0
1392,2015-10-24,0.0,15.0,8.9,2.9,fog,0,1,0,0,0
1393,2015-10-25,8.9,19.4,8.9,3.4,rain,0,0,1,0,0
1394,2015-10-26,6.9,12.2,10.0,4.6,rain,0,0,1,0,0
1395,2015-10-27,0.0,16.1,7.8,1.7,fog,0,1,0,0,0
1396,2015-10-28,3.3,13.9,11.1,2.8,rain,0,0,1,0,0
1397,2015-10-29,1.8,15.0,12.2,4.7,rain,0,0,1,0,0
1398,2015-10-30,19.3,17.2,11.7,6.7,rain,0,0,1,0,0
1399,2015-10-31,33.0,15.6,11.7,7.2,rain,0,0,1,0,0
1400,2015-11-01,26.2,12.2,8.9,6.0,rain,0,0,1,0,0
1401,2015-11-02,0.3,11.1,7.2,2.8,rain,0,0,1,0,0
1402,2015-11-03,0.8,10.6,5.0,1.4,rain,0,0,1,0,0
1403,2015-11-04,0.0,10.0,3.3,2.2,sun,0,0,0,0,1
1404,2015-11-05,1.3,11.7,7.8,2.3,rain,0,0,1,0,0
1405,2015-11-06,0.0,15.6,8.3,2.7,fog,0,1,0,0,0
1406,2015-11-07,12.7,12.2,9.4,3.0,rain,0,0,1,0,0
1407,2015-11-08,6.6,11.1,7.8,1.8,rain,0,0,1,0,0
1408,2015-11-09,3.3,10.0,5.0,1.3,rain,0,0,1,0,0
1409,2015-11-10,1.3,11.1,3.9,3.9,rain,0,0,1,0,0
1410,2015-11-11,1.5,11.1,6.1,4.6,rain,0,0,1,0,0
1411,2015-11-12,9.9,11.1,5.0,5.1,rain,0,0,1,0,0
1412,2015-11-13,33.5,13.3,9.4,6.5,rain,0,0,1,0,0
1413,2015-11-14,47.2,9.4,6.1,4.5,rain,0,0,1,0,0
1414,2015-11-15,22.4,8.9,2.2,4.1,rain,0,0,1,0,0
1415,2015-11-16,2.0,8.9,1.7,4.0,rain,0,0,1,0,0
1416,2015-11-17,29.5,13.3,6.7,8.0,rain,0,0,1,0,0
1417,2015-11-18,1.5,8.9,3.3,3.8,rain,0,0,1,0,0
1418,2015-11-19,2.0,8.9,2.8,4.2,rain,0,0,1,0,0
1419,2015-11-20,0.0,8.3,0.6,4.0,fog,0,1,0,0,0
1420,2015-11-21,0.0,8.9,0.6,4.7,sun,0,0,0,0,1
1421,2015-11-22,0.0,10.0,1.7,3.1,fog,0,1,0,0,0
1422,2015-11-23,3.0,6.7,0.0,1.3,rain,0,0,1,0,0
1423,2015-11-24,7.1,6.7,2.8,4.5,rain,0,0,1,0,0
1424,2015-11-25,0.0,7.2,0.0,5.7,sun,0,0,0,0,1
1425,2015-11-26,0.0,9.4,-1.0,4.3,sun,0,0,0,0,1
1426,2015-11-27,0.0,9.4,-1.6,3.0,sun,0,0,0,0,1
1427,2015-11-28,0.0,7.2,-2.7,1.0,sun,0,0,0,0,1
1428,2015-11-29,0.0,1.7,-2.1,0.9,fog,0,1,0,0,0
1429,2015-11-30,0.5,5.6,-3.8,1.7,rain,0,0,1,0,0
1430,2015-12-01,12.2,10.0,3.9,3.5,rain,0,0,1,0,0
1431,2015-12-02,2.5,10.6,4.4,5.0,rain,0,0,1,0,0
1432,2015-12-03,12.7,15.6,7.8,5.9,rain,0,0,1,0,0
1433,2015-12-04,2.0,10.6,6.1,4.7,rain,0,0,1,0,0
1434,2015-12-05,15.7,10.0,6.1,4.0,rain,0,0,1,0,0
1435,2015-12-06,11.2,12.8,7.2,5.9,rain,0,0,1,0,0
1436,2015-12-07,27.4,11.1,8.3,3.4,rain,0,0,1,0,0
1437,2015-12-08,54.1,15.6,10.0,6.2,rain,0,0,1,0,0
1438,2015-12-09,13.5,12.2,7.8,6.3,rain,0,0,1,0,0
1439,2015-12-10,9.4,11.7,6.1,7.5,rain,0,0,1,0,0
1440,2015-12-11,0.3,9.4,4.4,2.8,rain,0,0,1,0,0
1441,2015-12-12,16.0,8.9,5.6,5.6,rain,0,0,1,0,0
1442,2015-12-13,1.3,7.8,6.1,6.1,rain,0,0,1,0,0
1443,2015-12-14,0.0,7.8,1.7,1.7,sun,0,0,0,0,1
1444,2015-12-15,1.5,6.7,1.1,2.9,rain,0,0,1,0,0
1445,2015-12-16,3.6,6.1,2.8,2.3,rain,0,0,1,0,0
1446,2015-12-17,21.8,6.7,3.9,6.0,rain,0,0,1,0,0
1447,2015-12-18,18.5,8.9,4.4,5.1,rain,0,0,1,0,0
1448,2015-12-19,0.0,8.3,2.8,4.1,fog,0,1,0,0,0
1449,2015-12-20,4.3,7.8,4.4,6.7,rain,0,0,1,0,0
1450,2015-12-21,27.4,5.6,2.8,4.3,rain,0,0,1,0,0
1451,2015-12-22,4.6,7.8,2.8,5.0,rain,0,0,1,0,0
1452,2015-12-23,6.1,5.0,2.8,7.6,rain,0,0,1,0,0
1453,2015-12-24,2.5,5.6,2.2,4.3,rain,0,0,1,0,0
1454,2015-12-25,5.8,5.0,2.2,1.5,rain,0,0,1,0,0
1455,2015-12-26,0.0,4.4,0.0,2.5,sun,0,0,0,0,1
1456,2015-12-27,8.6,4.4,1.7,2.9,rain,0,0,1,0,0
1457,2015-12-28,1.5,5.0,1.7,1.3,rain,0,0,1,0,0
1458,2015-12-29,0.0,7.2,0.6,2.6,fog,0,1,0,0,0
1459,2015-12-30,0.0,5.6,-1.0,3.4,sun,0,0,0,0,1
1460,2015-12-31,0.0,5.6,-2.1,3.5,sun,0,0,0,0,1
